reference,benchmark,benchmark_mean_usd,scale_factor_NOT_inflation,bin,normalized_share,scenario_lower_usd,scenario_upper_usd,scenario_midpoint_usd,status
sedan_1_no_adas,CCC_2025_age7plus_all_loss,3682,1.1277113105179748,1,0.03103103103103103,0.011277113105179749,563.8556552589874,281.9334661860463,assumed_shape_transfer_and_mean_alignment_not_observed_front_cohort
sedan_1_no_adas,CCC_2025_age7plus_all_loss,3682,1.1277113105179748,2,0.18418418418418417,563.8669323720926,1127.7113105179749,845.7891214450336,assumed_shape_transfer_and_mean_alignment_not_observed_front_cohort
sedan_1_no_adas,CCC_2025_age7plus_all_loss,3682,1.1277113105179748,3,0.27227227227227224,1127.72258763108,2255.4226210359498,1691.5726043335148,assumed_shape_transfer_and_mean_alignment_not_observed_front_cohort
sedan_1_no_adas,CCC_2025_age7plus_all_loss,3682,1.1277113105179748,4,0.16316316316316315,2255.4338981490546,3383.1339315539244,2819.2839148514895,assumed_shape_transfer_and_mean_alignment_not_observed_front_cohort
sedan_1_no_adas,CCC_2025_age7plus_all_loss,3682,1.1277113105179748,5,0.09509509509509509,3383.1452086670297,4510.8452420718995,3946.9952253694646,assumed_shape_transfer_and_mean_alignment_not_observed_front_cohort
sedan_1_no_adas,CCC_2025_age7plus_all_loss,3682,1.1277113105179748,6,0.06206206206206206,4510.856519185005,5638.556552589874,5074.70653588744,assumed_shape_transfer_and_mean_alignment_not_observed_front_cohort
sedan_1_no_adas,CCC_2025_age7plus_all_loss,3682,1.1277113105179748,7,0.04804804804804804,5638.567829702979,6766.267863107849,6202.417846405414,assumed_shape_transfer_and_mean_alignment_not_observed_front_cohort
sedan_1_no_adas,CCC_2025_age7plus_all_loss,3682,1.1277113105179748,8,0.09509509509509509,6766.279140220954,11277.113105179747,9021.69612270035,assumed_shape_transfer_and_mean_alignment_not_observed_front_cohort
sedan_1_no_adas,CCC_2025_age7plus_all_loss,3682,1.1277113105179748,9,0.04004004004004004,11277.124382292854,16915.66965776962,14096.397020031238,assumed_shape_transfer_and_mean_alignment_not_observed_front_cohort
sedan_1_no_adas,CCC_2025_age7plus_all_loss,3682,1.1277113105179748,10,0.008008008008008008,16915.680934882726,22554.226210359495,19734.953572621114,assumed_shape_transfer_and_mean_alignment_not_observed_front_cohort
sedan_1_no_adas,CCC_2025_age7plus_all_loss,3682,1.1277113105179748,11,0.001001001001001001,22554.2374874726,33831.33931553924,28192.78840150592,assumed_shape_transfer_and_mean_alignment_not_observed_front_cohort
sedan_1_no_adas,Mitchell_Q2_2026_US_ICE_all_age,4955,1.5176017228725054,1,0.03103103103103103,0.015176017228725055,758.8008614362527,379.4080187267407,assumed_shape_transfer_and_mean_alignment_not_observed_front_cohort
sedan_1_no_adas,Mitchell_Q2_2026_US_ICE_all_age,4955,1.5176017228725054,2,0.18418418418418417,758.8160374534814,1517.6017228725054,1138.2088801629934,assumed_shape_transfer_and_mean_alignment_not_observed_front_cohort
sedan_1_no_adas,Mitchell_Q2_2026_US_ICE_all_age,4955,1.5176017228725054,3,0.27227227227227224,1517.616898889734,3035.203445745011,2276.4101723173726,assumed_shape_transfer_and_mean_alignment_not_observed_front_cohort
sedan_1_no_adas,Mitchell_Q2_2026_US_ICE_all_age,4955,1.5176017228725054,4,0.16316316316316315,3035.2186217622393,4552.805168617516,3794.011895189878,assumed_shape_transfer_and_mean_alignment_not_observed_front_cohort
sedan_1_no_adas,Mitchell_Q2_2026_US_ICE_all_age,4955,1.5176017228725054,5,0.09509509509509509,4552.820344634745,6070.406891490022,5311.6136180623835,assumed_shape_transfer_and_mean_alignment_not_observed_front_cohort
sedan_1_no_adas,Mitchell_Q2_2026_US_ICE_all_age,4955,1.5176017228725054,6,0.06206206206206206,6070.42206750725,7588.008614362527,6829.215340934888,assumed_shape_transfer_and_mean_alignment_not_observed_front_cohort
sedan_1_no_adas,Mitchell_Q2_2026_US_ICE_all_age,4955,1.5176017228725054,7,0.04804804804804804,7588.023790379756,9105.610337235032,8346.817063807393,assumed_shape_transfer_and_mean_alignment_not_observed_front_cohort
sedan_1_no_adas,Mitchell_Q2_2026_US_ICE_all_age,4955,1.5176017228725054,8,0.09509509509509509,9105.625513252262,15176.017228725053,12140.821370988657,assumed_shape_transfer_and_mean_alignment_not_observed_front_cohort
sedan_1_no_adas,Mitchell_Q2_2026_US_ICE_all_age,4955,1.5176017228725054,9,0.04004004004004004,15176.032404742284,22764.02584308758,18970.029123914934,assumed_shape_transfer_and_mean_alignment_not_observed_front_cohort
sedan_1_no_adas,Mitchell_Q2_2026_US_ICE_all_age,4955,1.5176017228725054,10,0.008008008008008008,22764.04101910481,30352.034457450107,26558.03773827746,assumed_shape_transfer_and_mean_alignment_not_observed_front_cohort
sedan_1_no_adas,Mitchell_Q2_2026_US_ICE_all_age,4955,1.5176017228725054,11,0.001001001001001001,30352.049633467333,45528.05168617516,37940.050659821245,assumed_shape_transfer_and_mean_alignment_not_observed_front_cohort
sedan_1_adas,CCC_2025_age7plus_all_loss,3682,1.153326306458408,1,0.031,0.011533263064584081,576.663153229204,288.3373432461343,assumed_shape_transfer_and_mean_alignment_not_observed_front_cohort
sedan_1_adas,CCC_2025_age7plus_all_loss,3682,1.153326306458408,2,0.19899999999999998,576.6746864922686,1153.326306458408,865.0004964753383,assumed_shape_transfer_and_mean_alignment_not_observed_front_cohort
sedan_1_adas,CCC_2025_age7plus_all_loss,3682,1.153326306458408,3,0.275,1153.3378397214726,2306.652612916816,1729.9952263191444,assumed_shape_transfer_and_mean_alignment_not_observed_front_cohort
sedan_1_adas,CCC_2025_age7plus_all_loss,3682,1.153326306458408,4,0.166,2306.664146179881,3459.978919375224,2883.3215327775524,assumed_shape_transfer_and_mean_alignment_not_observed_front_cohort
sedan_1_adas,CCC_2025_age7plus_all_loss,3682,1.153326306458408,5,0.09,3459.990452638289,4613.305225833632,4036.6478392359604,assumed_shape_transfer_and_mean_alignment_not_observed_front_cohort
sedan_1_adas,CCC_2025_age7plus_all_loss,3682,1.153326306458408,6,0.059000000000000004,4613.316759096697,5766.63153229204,5189.974145694368,assumed_shape_transfer_and_mean_alignment_not_observed_front_cohort
sedan_1_adas,CCC_2025_age7plus_all_loss,3682,1.153326306458408,7,0.043,5766.643065555105,6919.957838750448,6343.300452152776,assumed_shape_transfer_and_mean_alignment_not_observed_front_cohort
sedan_1_adas,CCC_2025_age7plus_all_loss,3682,1.153326306458408,8,0.087,6919.969372013513,11533.26306458408,9226.616218298797,assumed_shape_transfer_and_mean_alignment_not_observed_front_cohort
sedan_1_adas,CCC_2025_age7plus_all_loss,3682,1.153326306458408,9,0.039,11533.274597847145,17299.89459687612,14416.584597361634,assumed_shape_transfer_and_mean_alignment_not_observed_front_cohort
sedan_1_adas,CCC_2025_age7plus_all_loss,3682,1.153326306458408,10,0.009000000000000001,17299.906130139185,23066.52612916816,20183.216129653676,assumed_shape_transfer_and_mean_alignment_not_observed_front_cohort
sedan_1_adas,CCC_2025_age7plus_all_loss,3682,1.153326306458408,11,0.002,23066.537662431223,34599.78919375224,28833.16342809173,assumed_shape_transfer_and_mean_alignment_not_observed_front_cohort
sedan_1_adas,Mitchell_Q2_2026_US_ICE_all_age,4955,1.5520727453833274,1,0.031,0.015520727453833275,776.0363726916637,388.02594670955875,assumed_shape_transfer_and_mean_alignment_not_observed_front_cohort
sedan_1_adas,Mitchell_Q2_2026_US_ICE_all_age,4955,1.5520727453833274,2,0.19899999999999998,776.0518934191175,1552.0727453833274,1164.0623194012226,assumed_shape_transfer_and_mean_alignment_not_observed_front_cohort
sedan_1_adas,Mitchell_Q2_2026_US_ICE_all_age,4955,1.5520727453833274,3,0.275,1552.0882661107812,3104.145490766655,2328.1168784387182,assumed_shape_transfer_and_mean_alignment_not_observed_front_cohort
sedan_1_adas,Mitchell_Q2_2026_US_ICE_all_age,4955,1.5520727453833274,4,0.166,3104.1610114941086,4656.218236149982,3880.1896238220456,assumed_shape_transfer_and_mean_alignment_not_observed_front_cohort
sedan_1_adas,Mitchell_Q2_2026_US_ICE_all_age,4955,1.5520727453833274,5,0.09,4656.2337568774365,6208.29098153331,5432.262369205373,assumed_shape_transfer_and_mean_alignment_not_observed_front_cohort
sedan_1_adas,Mitchell_Q2_2026_US_ICE_all_age,4955,1.5520727453833274,6,0.059000000000000004,6208.306502260763,7760.3637269166375,6984.3351145887,assumed_shape_transfer_and_mean_alignment_not_observed_front_cohort
sedan_1_adas,Mitchell_Q2_2026_US_ICE_all_age,4955,1.5520727453833274,7,0.043,7760.379247644091,9312.436472299963,8536.407859972027,assumed_shape_transfer_and_mean_alignment_not_observed_front_cohort
sedan_1_adas,Mitchell_Q2_2026_US_ICE_all_age,4955,1.5520727453833274,8,0.087,9312.451993027418,15520.727453833275,12416.589723430347,assumed_shape_transfer_and_mean_alignment_not_observed_front_cohort
sedan_1_adas,Mitchell_Q2_2026_US_ICE_all_age,4955,1.5520727453833274,9,0.039,15520.742974560728,23281.09118074991,19400.917077655322,assumed_shape_transfer_and_mean_alignment_not_observed_front_cohort
sedan_1_adas,Mitchell_Q2_2026_US_ICE_all_age,4955,1.5520727453833274,10,0.009000000000000001,23281.106701477365,31041.45490766655,27161.280804571958,assumed_shape_transfer_and_mean_alignment_not_observed_front_cohort
sedan_1_adas,Mitchell_Q2_2026_US_ICE_all_age,4955,1.5520727453833274,11,0.002,31041.470428394,46562.18236149982,38801.82639494691,assumed_shape_transfer_and_mean_alignment_not_observed_front_cohort
sedan_2_no_adas,CCC_2025_age7plus_all_loss,3682,0.7346710601324321,1,0.03003003003003003,0.007346710601324321,367.33553006621605,183.6714383884087,assumed_shape_transfer_and_mean_alignment_not_observed_front_cohort
sedan_2_no_adas,CCC_2025_age7plus_all_loss,3682,0.7346710601324321,2,0.12912912912912913,367.3428767768174,734.6710601324321,551.0069684546247,assumed_shape_transfer_and_mean_alignment_not_observed_front_cohort
sedan_2_no_adas,CCC_2025_age7plus_all_loss,3682,0.7346710601324321,3,0.19419419419419418,734.6784068430334,1469.3421202648642,1102.010263553949,assumed_shape_transfer_and_mean_alignment_not_observed_front_cohort
sedan_2_no_adas,CCC_2025_age7plus_all_loss,3682,0.7346710601324321,4,0.11811811811811812,1469.3494669754655,2204.0131803972963,1836.6813236863811,assumed_shape_transfer_and_mean_alignment_not_observed_front_cohort
sedan_2_no_adas,CCC_2025_age7plus_all_loss,3682,0.7346710601324321,5,0.08708708708708708,2204.020527107898,2938.6842405297284,2571.352383818813,assumed_shape_transfer_and_mean_alignment_not_observed_front_cohort
sedan_2_no_adas,CCC_2025_age7plus_all_loss,3682,0.7346710601324321,6,0.06706706706706707,2938.69158724033,3673.3553006621605,3306.023443951245,assumed_shape_transfer_and_mean_alignment_not_observed_front_cohort
sedan_2_no_adas,CCC_2025_age7plus_all_loss,3682,0.7346710601324321,7,0.06506506506506506,3673.3626473727622,4408.026360794593,4040.694504083677,assumed_shape_transfer_and_mean_alignment_not_observed_front_cohort
sedan_2_no_adas,CCC_2025_age7plus_all_loss,3682,0.7346710601324321,8,0.16116116116116116,4408.033707505194,7346.710601324321,5877.3721544147575,assumed_shape_transfer_and_mean_alignment_not_observed_front_cohort
sedan_2_no_adas,CCC_2025_age7plus_all_loss,3682,0.7346710601324321,9,0.11411411411411411,7346.717948034922,11020.065901986482,9183.391925010703,assumed_shape_transfer_and_mean_alignment_not_observed_front_cohort
sedan_2_no_adas,CCC_2025_age7plus_all_loss,3682,0.7346710601324321,10,0.028028028028028024,11020.073248697083,14693.421202648642,12856.747225672863,assumed_shape_transfer_and_mean_alignment_not_observed_front_cohort
sedan_2_no_adas,CCC_2025_age7plus_all_loss,3682,0.7346710601324321,11,0.006006006006006005,14693.428549359242,22040.131803972963,18366.780176666103,assumed_shape_transfer_and_mean_alignment_not_observed_front_cohort
sedan_2_no_adas,Mitchell_Q2_2026_US_ICE_all_age,4955,0.9886733033558396,1,0.03003003003003003,0.009886733033558396,494.3366516779198,247.17326920547666,assumed_shape_transfer_and_mean_alignment_not_observed_front_cohort
sedan_2_no_adas,Mitchell_Q2_2026_US_ICE_all_age,4955,0.9886733033558396,2,0.12912912912912913,494.3465384109533,988.6733033558396,741.5099208833965,assumed_shape_transfer_and_mean_alignment_not_observed_front_cohort
sedan_2_no_adas,Mitchell_Q2_2026_US_ICE_all_age,4955,0.9886733033558396,3,0.19419419419419418,988.6831900888732,1977.3466067116792,1483.0148984002763,assumed_shape_transfer_and_mean_alignment_not_observed_front_cohort
sedan_2_no_adas,Mitchell_Q2_2026_US_ICE_all_age,4955,0.9886733033558396,4,0.11811811811811812,1977.3564934447127,2966.0199100675186,2471.6882017561156,assumed_shape_transfer_and_mean_alignment_not_observed_front_cohort
sedan_2_no_adas,Mitchell_Q2_2026_US_ICE_all_age,4955,0.9886733033558396,5,0.08708708708708708,2966.0297968005525,3954.6932134233584,3460.3615051119555,assumed_shape_transfer_and_mean_alignment_not_observed_front_cohort
sedan_2_no_adas,Mitchell_Q2_2026_US_ICE_all_age,4955,0.9886733033558396,6,0.06706706706706707,3954.703100156392,4943.366516779198,4449.034808467795,assumed_shape_transfer_and_mean_alignment_not_observed_front_cohort
sedan_2_no_adas,Mitchell_Q2_2026_US_ICE_all_age,4955,0.9886733033558396,7,0.06506506506506506,4943.376403512231,5932.039820135037,5437.708111823635,assumed_shape_transfer_and_mean_alignment_not_observed_front_cohort
sedan_2_no_adas,Mitchell_Q2_2026_US_ICE_all_age,4955,0.9886733033558396,8,0.16116116116116116,5932.049706868072,9886.733033558396,7909.391370213233,assumed_shape_transfer_and_mean_alignment_not_observed_front_cohort
sedan_2_no_adas,Mitchell_Q2_2026_US_ICE_all_age,4955,0.9886733033558396,9,0.11411411411411411,9886.74292029143,14830.099550337594,12358.421235314512,assumed_shape_transfer_and_mean_alignment_not_observed_front_cohort
sedan_2_no_adas,Mitchell_Q2_2026_US_ICE_all_age,4955,0.9886733033558396,10,0.028028028028028024,14830.109437070627,19773.46606711679,17301.78775209371,assumed_shape_transfer_and_mean_alignment_not_observed_front_cohort
sedan_2_no_adas,Mitchell_Q2_2026_US_ICE_all_age,4955,0.9886733033558396,11,0.006006006006006005,19773.475953849822,29660.19910067519,24716.837527262505,assumed_shape_transfer_and_mean_alignment_not_observed_front_cohort
sedan_2_adas,CCC_2025_age7plus_all_loss,3682,0.742599967125531,1,0.025,0.00742599967125531,371.2999835627655,185.65370478121838,assumed_shape_transfer_and_mean_alignment_not_observed_front_cohort
sedan_2_adas,CCC_2025_age7plus_all_loss,3682,0.742599967125531,2,0.158,371.30740956243676,742.599967125531,556.9536883439839,assumed_shape_transfer_and_mean_alignment_not_observed_front_cohort
sedan_2_adas,CCC_2025_age7plus_all_loss,3682,0.742599967125531,3,0.174,742.6073931252023,1485.199934251062,1113.9036636881322,assumed_shape_transfer_and_mean_alignment_not_observed_front_cohort
sedan_2_adas,CCC_2025_age7plus_all_loss,3682,0.742599967125531,4,0.147,1485.2073602507332,2227.799901376593,1856.5036308136632,assumed_shape_transfer_and_mean_alignment_not_observed_front_cohort
sedan_2_adas,CCC_2025_age7plus_all_loss,3682,0.742599967125531,5,0.087,2227.8073273762643,2970.399868502124,2599.103597939194,assumed_shape_transfer_and_mean_alignment_not_observed_front_cohort
sedan_2_adas,CCC_2025_age7plus_all_loss,3682,0.742599967125531,6,0.057999999999999996,2970.4072945017956,3712.999835627655,3341.7035650647254,assumed_shape_transfer_and_mean_alignment_not_observed_front_cohort
sedan_2_adas,CCC_2025_age7plus_all_loss,3682,0.742599967125531,7,0.057999999999999996,3713.0072616273264,4455.599802753186,4084.303532190256,assumed_shape_transfer_and_mean_alignment_not_observed_front_cohort
sedan_2_adas,CCC_2025_age7plus_all_loss,3682,0.742599967125531,8,0.141,4455.607228752858,7425.99967125531,5940.803450004084,assumed_shape_transfer_and_mean_alignment_not_observed_front_cohort
sedan_2_adas,CCC_2025_age7plus_all_loss,3682,0.742599967125531,9,0.107,7426.007097254981,11138.999506882965,9282.503302068973,assumed_shape_transfer_and_mean_alignment_not_observed_front_cohort
sedan_2_adas,CCC_2025_age7plus_all_loss,3682,0.742599967125531,10,0.036000000000000004,11139.006932882636,14851.99934251062,12995.503137696629,assumed_shape_transfer_and_mean_alignment_not_observed_front_cohort
sedan_2_adas,CCC_2025_age7plus_all_loss,3682,0.742599967125531,11,0.009000000000000001,14852.00676851029,22277.99901376593,18565.00289113811,assumed_shape_transfer_and_mean_alignment_not_observed_front_cohort
sedan_2_adas,Mitchell_Q2_2026_US_ICE_all_age,4955,0.9993435190404688,1,0.025,0.009993435190404689,499.6717595202344,249.8408764777124,assumed_shape_transfer_and_mean_alignment_not_observed_front_cohort
sedan_2_adas,Mitchell_Q2_2026_US_ICE_all_age,4955,0.9993435190404688,2,0.158,499.6817529554248,999.3435190404688,749.5126359979469,assumed_shape_transfer_and_mean_alignment_not_observed_front_cohort
sedan_2_adas,Mitchell_Q2_2026_US_ICE_all_age,4955,0.9993435190404688,3,0.174,999.3535124756592,1998.6870380809376,1499.0202752782984,assumed_shape_transfer_and_mean_alignment_not_observed_front_cohort
sedan_2_adas,Mitchell_Q2_2026_US_ICE_all_age,4955,0.9993435190404688,4,0.147,1998.697031516128,2998.030557121406,2498.3637943187673,assumed_shape_transfer_and_mean_alignment_not_observed_front_cohort
sedan_2_adas,Mitchell_Q2_2026_US_ICE_all_age,4955,0.9993435190404688,5,0.087,2998.040550556597,3997.374076161875,3497.707313359236,assumed_shape_transfer_and_mean_alignment_not_observed_front_cohort
sedan_2_adas,Mitchell_Q2_2026_US_ICE_all_age,4955,0.9993435190404688,6,0.057999999999999996,3997.3840695970657,4996.7175952023445,4497.050832399705,assumed_shape_transfer_and_mean_alignment_not_observed_front_cohort
sedan_2_adas,Mitchell_Q2_2026_US_ICE_all_age,4955,0.9993435190404688,7,0.057999999999999996,4996.727588637535,5996.061114242812,5496.3943514401735,assumed_shape_transfer_and_mean_alignment_not_observed_front_cohort
sedan_2_adas,Mitchell_Q2_2026_US_ICE_all_age,4955,0.9993435190404688,8,0.141,5996.0711076780035,9993.435190404689,7994.753149041346,assumed_shape_transfer_and_mean_alignment_not_observed_front_cohort
sedan_2_adas,Mitchell_Q2_2026_US_ICE_all_age,4955,0.9993435190404688,9,0.107,9993.445183839878,14990.152785607032,12491.798984723457,assumed_shape_transfer_and_mean_alignment_not_observed_front_cohort
sedan_2_adas,Mitchell_Q2_2026_US_ICE_all_age,4955,0.9993435190404688,10,0.036000000000000004,14990.162779042223,19986.870380809378,17488.5165799258,assumed_shape_transfer_and_mean_alignment_not_observed_front_cohort
sedan_2_adas,Mitchell_Q2_2026_US_ICE_all_age,4955,0.9993435190404688,11,0.009000000000000001,19986.880374244563,29980.305571214063,24983.59297272931,assumed_shape_transfer_and_mean_alignment_not_observed_front_cohort
