first_consolidated_month,fiscal_period,consolidated_months,revenue_musd,adjusted_ebitda_ex_sbc_musd,source_defined_ufcf_musd,status
2026-11,FY2027Q1,0,0,0,0,Management standalone projection; uniform monthly timing assumption
2026-11,FY2027Q2,3,223.16666666666669,23.25,,Management standalone projection; uniform monthly timing assumption
2026-11,FY2027Q3,3,241.0,30.75,-24.25,Management standalone projection; uniform monthly timing assumption
2026-11,FY2027Q4,3,241.0,30.75,-24.25,Management standalone projection; uniform monthly timing assumption
2026-11,FY2028Q1,3,241.0,30.75,-24.25,Management standalone projection; uniform monthly timing assumption
2026-11,FY2028Q2,3,253.66666666666666,36.083333333333336,-21.916666666666668,Management standalone projection; uniform monthly timing assumption
2026-11,FY2028Q3,3,279.0,46.75,-17.25,Management standalone projection; uniform monthly timing assumption
2026-11,FY2028Q4,3,279.0,46.75,-17.25,Management standalone projection; uniform monthly timing assumption
2027-01,FY2027Q1,0,0,0,0,Management standalone projection; uniform monthly timing assumption
2027-01,FY2027Q2,1,80.33333333333333,10.25,-8.083333333333334,Management standalone projection; uniform monthly timing assumption
2027-01,FY2027Q3,3,241.0,30.75,-24.25,Management standalone projection; uniform monthly timing assumption
2027-01,FY2027Q4,3,241.0,30.75,-24.25,Management standalone projection; uniform monthly timing assumption
2027-01,FY2028Q1,3,241.0,30.75,-24.25,Management standalone projection; uniform monthly timing assumption
2027-01,FY2028Q2,3,253.66666666666666,36.083333333333336,-21.916666666666668,Management standalone projection; uniform monthly timing assumption
2027-01,FY2028Q3,3,279.0,46.75,-17.25,Management standalone projection; uniform monthly timing assumption
2027-01,FY2028Q4,3,279.0,46.75,-17.25,Management standalone projection; uniform monthly timing assumption
2027-04,FY2027Q1,0,0,0,0,Management standalone projection; uniform monthly timing assumption
2027-04,FY2027Q2,0,0,0,0,Management standalone projection; uniform monthly timing assumption
2027-04,FY2027Q3,1,80.33333333333333,10.25,-8.083333333333334,Management standalone projection; uniform monthly timing assumption
2027-04,FY2027Q4,3,241.0,30.75,-24.25,Management standalone projection; uniform monthly timing assumption
2027-04,FY2028Q1,3,241.0,30.75,-24.25,Management standalone projection; uniform monthly timing assumption
2027-04,FY2028Q2,3,253.66666666666666,36.083333333333336,-21.916666666666668,Management standalone projection; uniform monthly timing assumption
2027-04,FY2028Q3,3,279.0,46.75,-17.25,Management standalone projection; uniform monthly timing assumption
2027-04,FY2028Q4,3,279.0,46.75,-17.25,Management standalone projection; uniform monthly timing assumption
