fy,d_land,d_buildings,d_transport,d_office,d_software,sum_delta_gross,capex,da,growth_capex,maint_capex,maint_minus_da,ebit,owner_earnings
2016,75.03199999999998,35.601,14.950000000000003,6.635999999999996,-15.646,116.573,173.917,48.575,110.63299999999998,63.28400000000002,14.709000000000017,406.47,391.76099999999997
2017,73.04600000000005,65.959,35.337,0.3049999999999997,-10.925000000000004,163.72200000000004,172.178,57.0,139.00500000000005,33.172999999999945,-23.827000000000055,461.299,485.12600000000003
2018,132.69799999999998,55.43900000000008,70.48,6.698999999999998,-7.820999999999998,257.4950000000001,287.91,78.598,188.13700000000006,99.77299999999997,21.17499999999997,584.345,563.1700000000001
2019,177.293,75.65099999999995,45.382000000000005,4.723000000000006,8.753999999999998,311.803,373.883,84.895,252.94399999999996,120.93900000000002,36.044000000000025,716.475,680.431
2020,295.49800000000005,246.361,38.140000000000015,7.725999999999999,13.187000000000005,600.912,591.972,101.39,541.859,50.11299999999994,-51.27700000000006,816.099,867.3760000000001
2021,192.9469999999999,193.438,52.19999999999999,9.001999999999995,13.549,461.13599999999985,462.996,121.971,386.3849999999999,76.6110000000001,-45.3599999999999,1136.426,1181.7859999999998
2022,98.18399999999997,82.91699999999992,102.78299999999996,4.799999999999997,12.045999999999992,300.72999999999985,337.448,137.985,181.10099999999989,156.3470000000001,18.36200000000008,1374.997,1356.6349999999998
2023,285.55500000000006,130.48900000000003,60.73100000000005,6.3030000000000115,11.359000000000009,494.4370000000001,516.636,159.478,416.0440000000001,100.59199999999987,-58.88600000000014,1486.569,1545.4550000000002
2024,215.63799999999992,143.07100000000014,114.84099999999995,6.5449999999999875,15.426000000000002,495.521,510.99,189.761,358.70900000000006,152.28099999999995,-37.48000000000005,1572.023,1609.503
2025,366.914,201.27999999999997,-24.94799999999998,3.318000000000012,15.030000000000001,561.5939999999999,568.99,215.849,568.194,0.7960000000000491,-215.05299999999994,1696.714,1911.7669999999998
