# CCC National Industry Total Loss Share of Claim Count, QUARTERLY 2018Q1-2025Q3
# Source: Crash Course Q4 2025 edition, "Figure 5: ... (CY 2018-2025)"
# URL: https://www.cccis.com/reports/crash-course-2025/q4
# Image: https://cdn.prod.website-files.com/677e7ecbb3dbbe98615cde30/6930b144bda1e1f3d69f0116_CCC%20National%20Industry%20Total%20Loss%20Share%20of%20Claim%20Count%202018.webp
# Extraction: printed data labels read off chart at 1280px width
quarter,non_comprehensive_pct,all_loss_categories_pct
2018Q1,19.4,18.7
2018Q2,18.2,17.6
2018Q3,18.3,18.1
2018Q4,20.2,19.5
2019Q1,20.0,19.2
2019Q2,19.2,18.5
2019Q3,19.2,18.7
2019Q4,21.2,20.4
2020Q1,20.9,20.0
2020Q2,20.9,19.6
2020Q3,21.8,20.9
2020Q4,23.1,21.7
2021Q1,22.1,20.7
2021Q2,20.9,19.7
2021Q3,19.5,19.3
2021Q4,20.3,19.2
2022Q1,19.9,18.8
2022Q2,18.9,17.6
2022Q3,18.9,18.0
2022Q4,21.0,20.6
2023Q1,21.1,20.1
2023Q2,20.5,19.4
2023Q3,20.7,19.9
2023Q4,22.4,21.5
2024Q1,22.7,21.8
2024Q2,22.3,21.5
2024Q3,22.5,21.9
2024Q4,24.3,24.1
2025Q1,23.8,22.9
2025Q2,23.2,22.4
2025Q3,23.4,22.8
