# scripts/experiments/ccc_age_decomposition.py: CCC all-loss TLF change decomposed into claims-age mix (fleet ageing) vs within-bucket propensity, from Crash Course 2026 Figures 18 and 19 (claims share by bucket = TL share / P). MEASURED from CCC bucket data; no fitted curves. Six age buckets.
from_year,to_year,tlf_base_pct,mix_effect_pp,within_age_effect_pp,interaction_pp,total_change_pp
2020,2025,20.25,1.75,1.02,0.01,2.77
2022,2025,18.86,0.29,3.8,0.07,4.16
2020,2022,20.25,1.42,-2.52,-0.29,-1.39
2020,2021,20.25,0.28,-1.14,-0.02,-0.88
2021,2022,19.37,1.03,-1.39,-0.15,-0.51
2022,2023,18.86,0.13,1.25,0.01,1.39
2023,2024,20.24,0.15,1.89,0.02,2.07
2024,2025,22.31,0.03,0.68,0.0,0.71
