# Copart US buyer fee schedule, read 2026-09-26 from copart.com fee pages in a human-driven browser session (raw/fees/live_2026-09/README.txt). One row per price band per (member page, title group, vehicle class, payment method). fee_usd is a fixed dollar fee; fee_pct applies to the final bid where fee_usd is blank; virtual-bid and gate-fee rows are keyed to the page/title selection they were displayed under. VERIFIED (page text dumps on disk).
read_date,page,title_group,vehicle_class,fee_type,payment_method,band_low_usd,band_high_usd,fee_usd,fee_pct
2026-09-26,non-licensed,non-clean,standard,buyer_fee,secured,0.0,49.99,25.0,
2026-09-26,non-licensed,non-clean,standard,buyer_fee,secured,50.0,99.99,45.0,
2026-09-26,non-licensed,non-clean,standard,buyer_fee,secured,100.0,199.99,80.0,
2026-09-26,non-licensed,non-clean,standard,buyer_fee,secured,200.0,299.99,130.0,
2026-09-26,non-licensed,non-clean,standard,buyer_fee,secured,300.0,349.99,137.5,
2026-09-26,non-licensed,non-clean,standard,buyer_fee,secured,350.0,399.99,145.0,
2026-09-26,non-licensed,non-clean,standard,buyer_fee,secured,400.0,449.99,175.0,
2026-09-26,non-licensed,non-clean,standard,buyer_fee,secured,450.0,499.99,185.0,
2026-09-26,non-licensed,non-clean,standard,buyer_fee,secured,500.0,549.99,205.0,
2026-09-26,non-licensed,non-clean,standard,buyer_fee,secured,550.0,599.99,210.0,
2026-09-26,non-licensed,non-clean,standard,buyer_fee,secured,600.0,699.99,240.0,
2026-09-26,non-licensed,non-clean,standard,buyer_fee,secured,700.0,799.99,270.0,
2026-09-26,non-licensed,non-clean,standard,buyer_fee,secured,800.0,899.99,295.0,
2026-09-26,non-licensed,non-clean,standard,buyer_fee,secured,900.0,999.99,320.0,
2026-09-26,non-licensed,non-clean,standard,buyer_fee,secured,1000.0,1199.99,375.0,
2026-09-26,non-licensed,non-clean,standard,buyer_fee,secured,1200.0,1299.99,395.0,
2026-09-26,non-licensed,non-clean,standard,buyer_fee,secured,1300.0,1399.99,410.0,
2026-09-26,non-licensed,non-clean,standard,buyer_fee,secured,1400.0,1499.99,430.0,
2026-09-26,non-licensed,non-clean,standard,buyer_fee,secured,1500.0,1599.99,445.0,
2026-09-26,non-licensed,non-clean,standard,buyer_fee,secured,1600.0,1699.99,465.0,
2026-09-26,non-licensed,non-clean,standard,buyer_fee,secured,1700.0,1799.99,485.0,
2026-09-26,non-licensed,non-clean,standard,buyer_fee,secured,1800.0,1999.99,510.0,
2026-09-26,non-licensed,non-clean,standard,buyer_fee,secured,2000.0,2399.99,535.0,
2026-09-26,non-licensed,non-clean,standard,buyer_fee,secured,2400.0,2499.99,570.0,
2026-09-26,non-licensed,non-clean,standard,buyer_fee,secured,2500.0,2999.99,610.0,
2026-09-26,non-licensed,non-clean,standard,buyer_fee,secured,3000.0,3499.99,655.0,
2026-09-26,non-licensed,non-clean,standard,buyer_fee,secured,3500.0,3999.99,705.0,
2026-09-26,non-licensed,non-clean,standard,buyer_fee,secured,4000.0,4499.99,725.0,
2026-09-26,non-licensed,non-clean,standard,buyer_fee,secured,4500.0,4999.99,750.0,
2026-09-26,non-licensed,non-clean,standard,buyer_fee,secured,5000.0,5499.99,775.0,
2026-09-26,non-licensed,non-clean,standard,buyer_fee,secured,5500.0,5999.99,800.0,
2026-09-26,non-licensed,non-clean,standard,buyer_fee,secured,6000.0,6499.99,825.0,
2026-09-26,non-licensed,non-clean,standard,buyer_fee,secured,6500.0,6999.99,845.0,
2026-09-26,non-licensed,non-clean,standard,buyer_fee,secured,7000.0,7499.99,880.0,
2026-09-26,non-licensed,non-clean,standard,buyer_fee,secured,7500.0,7999.99,900.0,
2026-09-26,non-licensed,non-clean,standard,buyer_fee,secured,8000.0,8499.99,925.0,
2026-09-26,non-licensed,non-clean,standard,buyer_fee,secured,8500.0,8999.99,945.0,
2026-09-26,non-licensed,non-clean,standard,buyer_fee,secured,9000.0,9999.99,945.0,
2026-09-26,non-licensed,non-clean,standard,buyer_fee,secured,10000.0,10499.99,1000.0,
2026-09-26,non-licensed,non-clean,standard,buyer_fee,secured,10500.0,10999.99,1000.0,
2026-09-26,non-licensed,non-clean,standard,buyer_fee,secured,11000.0,11499.99,1000.0,
2026-09-26,non-licensed,non-clean,standard,buyer_fee,secured,11500.0,11999.99,1000.0,
2026-09-26,non-licensed,non-clean,standard,buyer_fee,secured,12000.0,12499.99,1000.0,
2026-09-26,non-licensed,non-clean,standard,buyer_fee,secured,12500.0,14999.99,1000.0,
2026-09-26,non-licensed,non-clean,standard,buyer_fee,secured,15000.0,,,7.5
2026-09-26,non-licensed,non-clean,standard,buyer_fee,unsecured,0.0,49.99,27.5,
2026-09-26,non-licensed,non-clean,standard,buyer_fee,unsecured,50.0,99.99,50.0,
2026-09-26,non-licensed,non-clean,standard,buyer_fee,unsecured,100.0,199.99,90.0,
2026-09-26,non-licensed,non-clean,standard,buyer_fee,unsecured,200.0,299.99,145.0,
2026-09-26,non-licensed,non-clean,standard,buyer_fee,unsecured,300.0,349.99,155.0,
2026-09-26,non-licensed,non-clean,standard,buyer_fee,unsecured,350.0,399.99,167.5,
2026-09-26,non-licensed,non-clean,standard,buyer_fee,unsecured,400.0,449.99,200.0,
2026-09-26,non-licensed,non-clean,standard,buyer_fee,unsecured,450.0,499.99,210.0,
2026-09-26,non-licensed,non-clean,standard,buyer_fee,unsecured,500.0,549.99,235.0,
2026-09-26,non-licensed,non-clean,standard,buyer_fee,unsecured,550.0,599.99,240.0,
2026-09-26,non-licensed,non-clean,standard,buyer_fee,unsecured,600.0,699.99,275.0,
2026-09-26,non-licensed,non-clean,standard,buyer_fee,unsecured,700.0,799.99,312.5,
2026-09-26,non-licensed,non-clean,standard,buyer_fee,unsecured,800.0,899.99,342.5,
2026-09-26,non-licensed,non-clean,standard,buyer_fee,unsecured,900.0,999.99,370.0,
2026-09-26,non-licensed,non-clean,standard,buyer_fee,unsecured,1000.0,1199.99,440.0,
2026-09-26,non-licensed,non-clean,standard,buyer_fee,unsecured,1200.0,1299.99,460.0,
2026-09-26,non-licensed,non-clean,standard,buyer_fee,unsecured,1300.0,1399.99,482.5,
2026-09-26,non-licensed,non-clean,standard,buyer_fee,unsecured,1400.0,1499.99,510.0,
2026-09-26,non-licensed,non-clean,standard,buyer_fee,unsecured,1500.0,1599.99,530.0,
2026-09-26,non-licensed,non-clean,standard,buyer_fee,unsecured,1600.0,1699.99,555.0,
2026-09-26,non-licensed,non-clean,standard,buyer_fee,unsecured,1700.0,1799.99,582.5,
2026-09-26,non-licensed,non-clean,standard,buyer_fee,unsecured,1800.0,1999.99,620.0,
2026-09-26,non-licensed,non-clean,standard,buyer_fee,unsecured,2000.0,2399.99,662.5,
2026-09-26,non-licensed,non-clean,standard,buyer_fee,unsecured,2400.0,2499.99,705.0,
2026-09-26,non-licensed,non-clean,standard,buyer_fee,unsecured,2500.0,2999.99,775.0,
2026-09-26,non-licensed,non-clean,standard,buyer_fee,unsecured,3000.0,3499.99,830.0,
2026-09-26,non-licensed,non-clean,standard,buyer_fee,unsecured,3500.0,3999.99,927.5,
2026-09-26,non-licensed,non-clean,standard,buyer_fee,unsecured,4000.0,4499.99,935.0,
2026-09-26,non-licensed,non-clean,standard,buyer_fee,unsecured,4500.0,4999.99,1000.0,
2026-09-26,non-licensed,non-clean,standard,buyer_fee,unsecured,5000.0,5499.99,1025.0,
2026-09-26,non-licensed,non-clean,standard,buyer_fee,unsecured,5500.0,5999.99,1055.0,
2026-09-26,non-licensed,non-clean,standard,buyer_fee,unsecured,6000.0,6499.99,1085.0,
2026-09-26,non-licensed,non-clean,standard,buyer_fee,unsecured,6500.0,6999.99,1110.0,
2026-09-26,non-licensed,non-clean,standard,buyer_fee,unsecured,7000.0,7499.99,1145.0,
2026-09-26,non-licensed,non-clean,standard,buyer_fee,unsecured,7500.0,7999.99,1175.0,
2026-09-26,non-licensed,non-clean,standard,buyer_fee,unsecured,8000.0,8499.99,1200.0,
2026-09-26,non-licensed,non-clean,standard,buyer_fee,unsecured,8500.0,8999.99,1225.0,
2026-09-26,non-licensed,non-clean,standard,buyer_fee,unsecured,9000.0,9999.99,1225.0,
2026-09-26,non-licensed,non-clean,standard,buyer_fee,unsecured,10000.0,10499.99,1390.0,
2026-09-26,non-licensed,non-clean,standard,buyer_fee,unsecured,10500.0,10999.99,1390.0,
2026-09-26,non-licensed,non-clean,standard,buyer_fee,unsecured,11000.0,11499.99,1390.0,
2026-09-26,non-licensed,non-clean,standard,buyer_fee,unsecured,11500.0,11999.99,1400.0,
2026-09-26,non-licensed,non-clean,standard,buyer_fee,unsecured,12000.0,12499.99,1400.0,
2026-09-26,non-licensed,non-clean,standard,buyer_fee,unsecured,12500.0,14999.99,1400.0,
2026-09-26,non-licensed,non-clean,standard,buyer_fee,unsecured,15000.0,,,12.5
2026-09-26,non-licensed,non-clean,standard,virtual_bid_pre_bid,any,0.0,99.99,0.0,
2026-09-26,non-licensed,non-clean,standard,virtual_bid_pre_bid,any,100.0,499.99,40.0,
2026-09-26,non-licensed,non-clean,standard,virtual_bid_pre_bid,any,500.0,999.99,55.0,
2026-09-26,non-licensed,non-clean,standard,virtual_bid_pre_bid,any,1000.0,1499.99,75.0,
2026-09-26,non-licensed,non-clean,standard,virtual_bid_pre_bid,any,1500.0,1999.99,85.0,
2026-09-26,non-licensed,non-clean,standard,virtual_bid_pre_bid,any,2000.0,3999.99,100.0,
2026-09-26,non-licensed,non-clean,standard,virtual_bid_pre_bid,any,4000.0,5999.99,110.0,
2026-09-26,non-licensed,non-clean,standard,virtual_bid_pre_bid,any,6000.0,7999.99,125.0,
2026-09-26,non-licensed,non-clean,standard,virtual_bid_pre_bid,any,8000.0,,140.0,
2026-09-26,non-licensed,non-clean,standard,virtual_bid_live_bid,any,0.0,99.99,0.0,
2026-09-26,non-licensed,non-clean,standard,virtual_bid_live_bid,any,100.0,499.99,50.0,
2026-09-26,non-licensed,non-clean,standard,virtual_bid_live_bid,any,500.0,999.99,65.0,
2026-09-26,non-licensed,non-clean,standard,virtual_bid_live_bid,any,1000.0,1499.99,85.0,
2026-09-26,non-licensed,non-clean,standard,virtual_bid_live_bid,any,1500.0,1999.99,95.0,
2026-09-26,non-licensed,non-clean,standard,virtual_bid_live_bid,any,2000.0,3999.99,110.0,
2026-09-26,non-licensed,non-clean,standard,virtual_bid_live_bid,any,4000.0,5999.99,125.0,
2026-09-26,non-licensed,non-clean,standard,virtual_bid_live_bid,any,6000.0,7999.99,145.0,
2026-09-26,non-licensed,non-clean,standard,virtual_bid_live_bid,any,8000.0,,160.0,
2026-09-26,non-licensed,non-clean,standard,gate_fee,any,0,,95.0,
2026-09-26,non-licensed,clean,standard,buyer_fee,secured,0.0,49.99,25.0,
2026-09-26,non-licensed,clean,standard,buyer_fee,secured,50.0,99.99,45.0,
2026-09-26,non-licensed,clean,standard,buyer_fee,secured,100.0,199.99,80.0,
2026-09-26,non-licensed,clean,standard,buyer_fee,secured,200.0,299.99,120.0,
2026-09-26,non-licensed,clean,standard,buyer_fee,secured,300.0,349.99,120.0,
2026-09-26,non-licensed,clean,standard,buyer_fee,secured,350.0,399.99,120.0,
2026-09-26,non-licensed,clean,standard,buyer_fee,secured,400.0,449.99,160.0,
2026-09-26,non-licensed,clean,standard,buyer_fee,secured,450.0,499.99,160.0,
2026-09-26,non-licensed,clean,standard,buyer_fee,secured,500.0,549.99,185.0,
2026-09-26,non-licensed,clean,standard,buyer_fee,secured,550.0,599.99,185.0,
2026-09-26,non-licensed,clean,standard,buyer_fee,secured,600.0,699.99,210.0,
2026-09-26,non-licensed,clean,standard,buyer_fee,secured,700.0,799.99,230.0,
2026-09-26,non-licensed,clean,standard,buyer_fee,secured,800.0,899.99,250.0,
2026-09-26,non-licensed,clean,standard,buyer_fee,secured,900.0,999.99,275.0,
2026-09-26,non-licensed,clean,standard,buyer_fee,secured,1000.0,1199.99,325.0,
2026-09-26,non-licensed,clean,standard,buyer_fee,secured,1200.0,1299.99,350.0,
2026-09-26,non-licensed,clean,standard,buyer_fee,secured,1300.0,1399.99,365.0,
2026-09-26,non-licensed,clean,standard,buyer_fee,secured,1400.0,1499.99,380.0,
2026-09-26,non-licensed,clean,standard,buyer_fee,secured,1500.0,1599.99,390.0,
2026-09-26,non-licensed,clean,standard,buyer_fee,secured,1600.0,1699.99,410.0,
2026-09-26,non-licensed,clean,standard,buyer_fee,secured,1700.0,1799.99,420.0,
2026-09-26,non-licensed,clean,standard,buyer_fee,secured,1800.0,1999.99,440.0,
2026-09-26,non-licensed,clean,standard,buyer_fee,secured,2000.0,2399.99,470.0,
2026-09-26,non-licensed,clean,standard,buyer_fee,secured,2400.0,2499.99,480.0,
2026-09-26,non-licensed,clean,standard,buyer_fee,secured,2500.0,2999.99,500.0,
2026-09-26,non-licensed,clean,standard,buyer_fee,secured,3000.0,3499.99,600.0,
2026-09-26,non-licensed,clean,standard,buyer_fee,secured,3500.0,3999.99,675.0,
2026-09-26,non-licensed,clean,standard,buyer_fee,secured,4000.0,4499.99,710.0,
2026-09-26,non-licensed,clean,standard,buyer_fee,secured,4500.0,4999.99,750.0,
2026-09-26,non-licensed,clean,standard,buyer_fee,secured,5000.0,5499.99,750.0,
2026-09-26,non-licensed,clean,standard,buyer_fee,secured,5500.0,5999.99,750.0,
2026-09-26,non-licensed,clean,standard,buyer_fee,secured,6000.0,6499.99,800.0,
2026-09-26,non-licensed,clean,standard,buyer_fee,secured,6500.0,6999.99,800.0,
2026-09-26,non-licensed,clean,standard,buyer_fee,secured,7000.0,7499.99,800.0,
2026-09-26,non-licensed,clean,standard,buyer_fee,secured,7500.0,7999.99,815.0,
2026-09-26,non-licensed,clean,standard,buyer_fee,secured,8000.0,8499.99,840.0,
2026-09-26,non-licensed,clean,standard,buyer_fee,secured,8500.0,8999.99,840.0,
2026-09-26,non-licensed,clean,standard,buyer_fee,secured,9000.0,9999.99,840.0,
2026-09-26,non-licensed,clean,standard,buyer_fee,secured,10000.0,10499.99,850.0,
2026-09-26,non-licensed,clean,standard,buyer_fee,secured,10500.0,10999.99,850.0,
2026-09-26,non-licensed,clean,standard,buyer_fee,secured,11000.0,11499.99,850.0,
2026-09-26,non-licensed,clean,standard,buyer_fee,secured,11500.0,11999.99,850.0,
2026-09-26,non-licensed,clean,standard,buyer_fee,secured,12000.0,12499.99,850.0,
2026-09-26,non-licensed,clean,standard,buyer_fee,secured,12500.0,14999.99,850.0,
2026-09-26,non-licensed,clean,standard,buyer_fee,secured,15000.0,,,7.25
2026-09-26,non-licensed,clean,standard,buyer_fee,unsecured,0.0,49.99,27.5,
2026-09-26,non-licensed,clean,standard,buyer_fee,unsecured,50.0,99.99,50.0,
2026-09-26,non-licensed,clean,standard,buyer_fee,unsecured,100.0,199.99,90.0,
2026-09-26,non-licensed,clean,standard,buyer_fee,unsecured,200.0,299.99,135.0,
2026-09-26,non-licensed,clean,standard,buyer_fee,unsecured,300.0,349.99,137.5,
2026-09-26,non-licensed,clean,standard,buyer_fee,unsecured,350.0,399.99,140.0,
2026-09-26,non-licensed,clean,standard,buyer_fee,unsecured,400.0,449.99,182.5,
2026-09-26,non-licensed,clean,standard,buyer_fee,unsecured,450.0,499.99,185.0,
2026-09-26,non-licensed,clean,standard,buyer_fee,unsecured,500.0,549.99,212.5,
2026-09-26,non-licensed,clean,standard,buyer_fee,unsecured,550.0,599.99,215.0,
2026-09-26,non-licensed,clean,standard,buyer_fee,unsecured,600.0,699.99,245.0,
2026-09-26,non-licensed,clean,standard,buyer_fee,unsecured,700.0,799.99,270.0,
2026-09-26,non-licensed,clean,standard,buyer_fee,unsecured,800.0,899.99,295.0,
2026-09-26,non-licensed,clean,standard,buyer_fee,unsecured,900.0,999.99,325.0,
2026-09-26,non-licensed,clean,standard,buyer_fee,unsecured,1000.0,1199.99,385.0,
2026-09-26,non-licensed,clean,standard,buyer_fee,unsecured,1200.0,1299.99,415.0,
2026-09-26,non-licensed,clean,standard,buyer_fee,unsecured,1300.0,1399.99,435.0,
2026-09-26,non-licensed,clean,standard,buyer_fee,unsecured,1400.0,1499.99,455.0,
2026-09-26,non-licensed,clean,standard,buyer_fee,unsecured,1500.0,1599.99,470.0,
2026-09-26,non-licensed,clean,standard,buyer_fee,unsecured,1600.0,1699.99,495.0,
2026-09-26,non-licensed,clean,standard,buyer_fee,unsecured,1700.0,1799.99,510.0,
2026-09-26,non-licensed,clean,standard,buyer_fee,unsecured,1800.0,1999.99,540.0,
2026-09-26,non-licensed,clean,standard,buyer_fee,unsecured,2000.0,2399.99,590.0,
2026-09-26,non-licensed,clean,standard,buyer_fee,unsecured,2400.0,2499.99,605.0,
2026-09-26,non-licensed,clean,standard,buyer_fee,unsecured,2500.0,2999.99,650.0,
2026-09-26,non-licensed,clean,standard,buyer_fee,unsecured,3000.0,3499.99,775.0,
2026-09-26,non-licensed,clean,standard,buyer_fee,unsecured,3500.0,3999.99,875.0,
2026-09-26,non-licensed,clean,standard,buyer_fee,unsecured,4000.0,4499.99,935.0,
2026-09-26,non-licensed,clean,standard,buyer_fee,unsecured,4500.0,4999.99,1000.0,
2026-09-26,non-licensed,clean,standard,buyer_fee,unsecured,5000.0,5499.99,1000.0,
2026-09-26,non-licensed,clean,standard,buyer_fee,unsecured,5500.0,5999.99,1000.0,
2026-09-26,non-licensed,clean,standard,buyer_fee,unsecured,6000.0,6499.99,1050.0,
2026-09-26,non-licensed,clean,standard,buyer_fee,unsecured,6500.0,6999.99,1050.0,
2026-09-26,non-licensed,clean,standard,buyer_fee,unsecured,7000.0,7499.99,1050.0,
2026-09-26,non-licensed,clean,standard,buyer_fee,unsecured,7500.0,7999.99,1065.0,
2026-09-26,non-licensed,clean,standard,buyer_fee,unsecured,8000.0,8499.99,1090.0,
2026-09-26,non-licensed,clean,standard,buyer_fee,unsecured,8500.0,8999.99,1090.0,
2026-09-26,non-licensed,clean,standard,buyer_fee,unsecured,9000.0,9999.99,1090.0,
2026-09-26,non-licensed,clean,standard,buyer_fee,unsecured,10000.0,10499.99,1200.0,
2026-09-26,non-licensed,clean,standard,buyer_fee,unsecured,10500.0,10999.99,1200.0,
2026-09-26,non-licensed,clean,standard,buyer_fee,unsecured,11000.0,11499.99,1200.0,
2026-09-26,non-licensed,clean,standard,buyer_fee,unsecured,11500.0,11999.99,1200.0,
2026-09-26,non-licensed,clean,standard,buyer_fee,unsecured,12000.0,12499.99,1200.0,
2026-09-26,non-licensed,clean,standard,buyer_fee,unsecured,12500.0,14999.99,1200.0,
2026-09-26,non-licensed,clean,standard,buyer_fee,unsecured,15000.0,,,12.25
2026-09-26,non-licensed,clean,standard,virtual_bid_pre_bid,any,0.0,99.99,0.0,
2026-09-26,non-licensed,clean,standard,virtual_bid_pre_bid,any,100.0,499.99,39.0,
2026-09-26,non-licensed,clean,standard,virtual_bid_pre_bid,any,500.0,999.99,49.0,
2026-09-26,non-licensed,clean,standard,virtual_bid_pre_bid,any,1000.0,1499.99,69.0,
2026-09-26,non-licensed,clean,standard,virtual_bid_pre_bid,any,1500.0,1999.99,79.0,
2026-09-26,non-licensed,clean,standard,virtual_bid_pre_bid,any,2000.0,3999.99,89.0,
2026-09-26,non-licensed,clean,standard,virtual_bid_pre_bid,any,4000.0,5999.99,99.0,
2026-09-26,non-licensed,clean,standard,virtual_bid_pre_bid,any,6000.0,7999.99,119.0,
2026-09-26,non-licensed,clean,standard,virtual_bid_pre_bid,any,8000.0,,129.0,
2026-09-26,non-licensed,clean,standard,virtual_bid_live_bid,any,0.0,99.99,0.0,
2026-09-26,non-licensed,clean,standard,virtual_bid_live_bid,any,100.0,499.99,49.0,
2026-09-26,non-licensed,clean,standard,virtual_bid_live_bid,any,500.0,999.99,59.0,
2026-09-26,non-licensed,clean,standard,virtual_bid_live_bid,any,1000.0,1499.99,79.0,
2026-09-26,non-licensed,clean,standard,virtual_bid_live_bid,any,1500.0,1999.99,89.0,
2026-09-26,non-licensed,clean,standard,virtual_bid_live_bid,any,2000.0,3999.99,99.0,
2026-09-26,non-licensed,clean,standard,virtual_bid_live_bid,any,4000.0,5999.99,109.0,
2026-09-26,non-licensed,clean,standard,virtual_bid_live_bid,any,6000.0,7999.99,139.0,
2026-09-26,non-licensed,clean,standard,virtual_bid_live_bid,any,8000.0,,149.0,
2026-09-26,non-licensed,clean,standard,gate_fee,any,0,,79.0,
2026-09-26,non-licensed,non-clean,heavy,buyer_fee,secured,0.0,49.99,25.0,
2026-09-26,non-licensed,non-clean,heavy,buyer_fee,secured,50.0,99.99,45.0,
2026-09-26,non-licensed,non-clean,heavy,buyer_fee,secured,100.0,199.99,80.0,
2026-09-26,non-licensed,non-clean,heavy,buyer_fee,secured,200.0,299.99,130.0,
2026-09-26,non-licensed,non-clean,heavy,buyer_fee,secured,300.0,349.99,137.5,
2026-09-26,non-licensed,non-clean,heavy,buyer_fee,secured,350.0,399.99,145.0,
2026-09-26,non-licensed,non-clean,heavy,buyer_fee,secured,400.0,449.99,175.0,
2026-09-26,non-licensed,non-clean,heavy,buyer_fee,secured,450.0,499.99,185.0,
2026-09-26,non-licensed,non-clean,heavy,buyer_fee,secured,500.0,549.99,205.0,
2026-09-26,non-licensed,non-clean,heavy,buyer_fee,secured,550.0,599.99,210.0,
2026-09-26,non-licensed,non-clean,heavy,buyer_fee,secured,600.0,699.99,240.0,
2026-09-26,non-licensed,non-clean,heavy,buyer_fee,secured,700.0,799.99,270.0,
2026-09-26,non-licensed,non-clean,heavy,buyer_fee,secured,800.0,899.99,295.0,
2026-09-26,non-licensed,non-clean,heavy,buyer_fee,secured,900.0,999.99,320.0,
2026-09-26,non-licensed,non-clean,heavy,buyer_fee,secured,1000.0,1199.99,375.0,
2026-09-26,non-licensed,non-clean,heavy,buyer_fee,secured,1200.0,1299.99,395.0,
2026-09-26,non-licensed,non-clean,heavy,buyer_fee,secured,1300.0,1399.99,410.0,
2026-09-26,non-licensed,non-clean,heavy,buyer_fee,secured,1400.0,1499.99,430.0,
2026-09-26,non-licensed,non-clean,heavy,buyer_fee,secured,1500.0,1599.99,445.0,
2026-09-26,non-licensed,non-clean,heavy,buyer_fee,secured,1600.0,1699.99,465.0,
2026-09-26,non-licensed,non-clean,heavy,buyer_fee,secured,1700.0,1799.99,485.0,
2026-09-26,non-licensed,non-clean,heavy,buyer_fee,secured,1800.0,1999.99,510.0,
2026-09-26,non-licensed,non-clean,heavy,buyer_fee,secured,2000.0,2399.99,535.0,
2026-09-26,non-licensed,non-clean,heavy,buyer_fee,secured,2400.0,2499.99,570.0,
2026-09-26,non-licensed,non-clean,heavy,buyer_fee,secured,2500.0,2999.99,610.0,
2026-09-26,non-licensed,non-clean,heavy,buyer_fee,secured,3000.0,3499.99,655.0,
2026-09-26,non-licensed,non-clean,heavy,buyer_fee,secured,3500.0,3999.99,705.0,
2026-09-26,non-licensed,non-clean,heavy,buyer_fee,secured,4000.0,4499.99,725.0,
2026-09-26,non-licensed,non-clean,heavy,buyer_fee,secured,4500.0,4999.99,750.0,
2026-09-26,non-licensed,non-clean,heavy,buyer_fee,secured,5000.0,5499.99,775.0,
2026-09-26,non-licensed,non-clean,heavy,buyer_fee,secured,5500.0,5999.99,,15.0
2026-09-26,non-licensed,non-clean,heavy,buyer_fee,secured,6000.0,6499.99,,15.0
2026-09-26,non-licensed,non-clean,heavy,buyer_fee,secured,6500.0,,,15.0
2026-09-26,non-licensed,non-clean,heavy,buyer_fee,unsecured,0.0,49.99,27.5,
2026-09-26,non-licensed,non-clean,heavy,buyer_fee,unsecured,50.0,99.99,50.0,
2026-09-26,non-licensed,non-clean,heavy,buyer_fee,unsecured,100.0,199.99,90.0,
2026-09-26,non-licensed,non-clean,heavy,buyer_fee,unsecured,200.0,299.99,145.0,
2026-09-26,non-licensed,non-clean,heavy,buyer_fee,unsecured,300.0,349.99,155.0,
2026-09-26,non-licensed,non-clean,heavy,buyer_fee,unsecured,350.0,399.99,167.5,
2026-09-26,non-licensed,non-clean,heavy,buyer_fee,unsecured,400.0,449.99,200.0,
2026-09-26,non-licensed,non-clean,heavy,buyer_fee,unsecured,450.0,499.99,210.0,
2026-09-26,non-licensed,non-clean,heavy,buyer_fee,unsecured,500.0,549.99,235.0,
2026-09-26,non-licensed,non-clean,heavy,buyer_fee,unsecured,550.0,599.99,240.0,
2026-09-26,non-licensed,non-clean,heavy,buyer_fee,unsecured,600.0,699.99,275.0,
2026-09-26,non-licensed,non-clean,heavy,buyer_fee,unsecured,700.0,799.99,312.5,
2026-09-26,non-licensed,non-clean,heavy,buyer_fee,unsecured,800.0,899.99,342.5,
2026-09-26,non-licensed,non-clean,heavy,buyer_fee,unsecured,900.0,999.99,370.0,
2026-09-26,non-licensed,non-clean,heavy,buyer_fee,unsecured,1000.0,1199.99,440.0,
2026-09-26,non-licensed,non-clean,heavy,buyer_fee,unsecured,1200.0,1299.99,460.0,
2026-09-26,non-licensed,non-clean,heavy,buyer_fee,unsecured,1300.0,1399.99,482.5,
2026-09-26,non-licensed,non-clean,heavy,buyer_fee,unsecured,1400.0,1499.99,510.0,
2026-09-26,non-licensed,non-clean,heavy,buyer_fee,unsecured,1500.0,1599.99,530.0,
2026-09-26,non-licensed,non-clean,heavy,buyer_fee,unsecured,1600.0,1699.99,555.0,
2026-09-26,non-licensed,non-clean,heavy,buyer_fee,unsecured,1700.0,1799.99,582.5,
2026-09-26,non-licensed,non-clean,heavy,buyer_fee,unsecured,1800.0,1999.99,620.0,
2026-09-26,non-licensed,non-clean,heavy,buyer_fee,unsecured,2000.0,2399.99,662.5,
2026-09-26,non-licensed,non-clean,heavy,buyer_fee,unsecured,2400.0,2499.99,705.0,
2026-09-26,non-licensed,non-clean,heavy,buyer_fee,unsecured,2500.0,2999.99,775.0,
2026-09-26,non-licensed,non-clean,heavy,buyer_fee,unsecured,3000.0,3499.99,830.0,
2026-09-26,non-licensed,non-clean,heavy,buyer_fee,unsecured,3500.0,3999.99,927.5,
2026-09-26,non-licensed,non-clean,heavy,buyer_fee,unsecured,4000.0,4499.99,935.0,
2026-09-26,non-licensed,non-clean,heavy,buyer_fee,unsecured,4500.0,4999.99,1000.0,
2026-09-26,non-licensed,non-clean,heavy,buyer_fee,unsecured,5000.0,5499.99,1025.0,
2026-09-26,non-licensed,non-clean,heavy,buyer_fee,unsecured,5500.0,5999.99,,20.0
2026-09-26,non-licensed,non-clean,heavy,buyer_fee,unsecured,6000.0,6499.99,,20.0
2026-09-26,non-licensed,non-clean,heavy,buyer_fee,unsecured,6500.0,,,20.0
2026-09-26,non-licensed,non-clean,heavy,virtual_bid_pre_bid,any,0.0,99.99,0.0,
2026-09-26,non-licensed,non-clean,heavy,virtual_bid_pre_bid,any,100.0,499.99,40.0,
2026-09-26,non-licensed,non-clean,heavy,virtual_bid_pre_bid,any,500.0,999.99,55.0,
2026-09-26,non-licensed,non-clean,heavy,virtual_bid_pre_bid,any,1000.0,1499.99,75.0,
2026-09-26,non-licensed,non-clean,heavy,virtual_bid_pre_bid,any,1500.0,1999.99,85.0,
2026-09-26,non-licensed,non-clean,heavy,virtual_bid_pre_bid,any,2000.0,3999.99,100.0,
2026-09-26,non-licensed,non-clean,heavy,virtual_bid_pre_bid,any,4000.0,5999.99,110.0,
2026-09-26,non-licensed,non-clean,heavy,virtual_bid_pre_bid,any,6000.0,7999.99,125.0,
2026-09-26,non-licensed,non-clean,heavy,virtual_bid_pre_bid,any,8000.0,,140.0,
2026-09-26,non-licensed,non-clean,heavy,virtual_bid_live_bid,any,0.0,99.99,0.0,
2026-09-26,non-licensed,non-clean,heavy,virtual_bid_live_bid,any,100.0,499.99,50.0,
2026-09-26,non-licensed,non-clean,heavy,virtual_bid_live_bid,any,500.0,999.99,65.0,
2026-09-26,non-licensed,non-clean,heavy,virtual_bid_live_bid,any,1000.0,1499.99,85.0,
2026-09-26,non-licensed,non-clean,heavy,virtual_bid_live_bid,any,1500.0,1999.99,95.0,
2026-09-26,non-licensed,non-clean,heavy,virtual_bid_live_bid,any,2000.0,3999.99,110.0,
2026-09-26,non-licensed,non-clean,heavy,virtual_bid_live_bid,any,4000.0,5999.99,125.0,
2026-09-26,non-licensed,non-clean,heavy,virtual_bid_live_bid,any,6000.0,7999.99,145.0,
2026-09-26,non-licensed,non-clean,heavy,virtual_bid_live_bid,any,8000.0,,160.0,
2026-09-26,non-licensed,non-clean,heavy,gate_fee,any,0,,95.0,
2026-09-26,non-licensed,clean,heavy,buyer_fee,secured,0.0,49.99,25.0,
2026-09-26,non-licensed,clean,heavy,buyer_fee,secured,50.0,99.99,45.0,
2026-09-26,non-licensed,clean,heavy,buyer_fee,secured,100.0,199.99,80.0,
2026-09-26,non-licensed,clean,heavy,buyer_fee,secured,200.0,299.99,120.0,
2026-09-26,non-licensed,clean,heavy,buyer_fee,secured,300.0,349.99,120.0,
2026-09-26,non-licensed,clean,heavy,buyer_fee,secured,350.0,399.99,120.0,
2026-09-26,non-licensed,clean,heavy,buyer_fee,secured,400.0,449.99,160.0,
2026-09-26,non-licensed,clean,heavy,buyer_fee,secured,450.0,499.99,160.0,
2026-09-26,non-licensed,clean,heavy,buyer_fee,secured,500.0,549.99,185.0,
2026-09-26,non-licensed,clean,heavy,buyer_fee,secured,550.0,599.99,185.0,
2026-09-26,non-licensed,clean,heavy,buyer_fee,secured,600.0,699.99,210.0,
2026-09-26,non-licensed,clean,heavy,buyer_fee,secured,700.0,799.99,230.0,
2026-09-26,non-licensed,clean,heavy,buyer_fee,secured,800.0,899.99,250.0,
2026-09-26,non-licensed,clean,heavy,buyer_fee,secured,900.0,999.99,275.0,
2026-09-26,non-licensed,clean,heavy,buyer_fee,secured,1000.0,1199.99,325.0,
2026-09-26,non-licensed,clean,heavy,buyer_fee,secured,1200.0,1299.99,350.0,
2026-09-26,non-licensed,clean,heavy,buyer_fee,secured,1300.0,1399.99,365.0,
2026-09-26,non-licensed,clean,heavy,buyer_fee,secured,1400.0,1499.99,380.0,
2026-09-26,non-licensed,clean,heavy,buyer_fee,secured,1500.0,1599.99,390.0,
2026-09-26,non-licensed,clean,heavy,buyer_fee,secured,1600.0,1699.99,410.0,
2026-09-26,non-licensed,clean,heavy,buyer_fee,secured,1700.0,1799.99,420.0,
2026-09-26,non-licensed,clean,heavy,buyer_fee,secured,1800.0,1999.99,440.0,
2026-09-26,non-licensed,clean,heavy,buyer_fee,secured,2000.0,2399.99,470.0,
2026-09-26,non-licensed,clean,heavy,buyer_fee,secured,2400.0,2499.99,480.0,
2026-09-26,non-licensed,clean,heavy,buyer_fee,secured,2500.0,2999.99,500.0,
2026-09-26,non-licensed,clean,heavy,buyer_fee,secured,3000.0,3499.99,600.0,
2026-09-26,non-licensed,clean,heavy,buyer_fee,secured,3500.0,3999.99,675.0,
2026-09-26,non-licensed,clean,heavy,buyer_fee,secured,4000.0,4499.99,710.0,
2026-09-26,non-licensed,clean,heavy,buyer_fee,secured,4500.0,4999.99,745.0,
2026-09-26,non-licensed,clean,heavy,buyer_fee,secured,5000.0,5999.99,,15.0
2026-09-26,non-licensed,clean,heavy,buyer_fee,secured,6000.0,6499.99,,15.0
2026-09-26,non-licensed,clean,heavy,buyer_fee,secured,6500.0,,,15.0
2026-09-26,non-licensed,clean,heavy,buyer_fee,unsecured,0.0,49.99,27.5,
2026-09-26,non-licensed,clean,heavy,buyer_fee,unsecured,50.0,99.99,50.0,
2026-09-26,non-licensed,clean,heavy,buyer_fee,unsecured,100.0,199.99,90.0,
2026-09-26,non-licensed,clean,heavy,buyer_fee,unsecured,200.0,299.99,135.0,
2026-09-26,non-licensed,clean,heavy,buyer_fee,unsecured,300.0,349.99,137.5,
2026-09-26,non-licensed,clean,heavy,buyer_fee,unsecured,350.0,399.99,140.0,
2026-09-26,non-licensed,clean,heavy,buyer_fee,unsecured,400.0,449.99,182.5,
2026-09-26,non-licensed,clean,heavy,buyer_fee,unsecured,450.0,499.99,185.0,
2026-09-26,non-licensed,clean,heavy,buyer_fee,unsecured,500.0,549.99,212.5,
2026-09-26,non-licensed,clean,heavy,buyer_fee,unsecured,550.0,599.99,215.0,
2026-09-26,non-licensed,clean,heavy,buyer_fee,unsecured,600.0,699.99,245.0,
2026-09-26,non-licensed,clean,heavy,buyer_fee,unsecured,700.0,799.99,270.0,
2026-09-26,non-licensed,clean,heavy,buyer_fee,unsecured,800.0,899.99,295.0,
2026-09-26,non-licensed,clean,heavy,buyer_fee,unsecured,900.0,999.99,325.0,
2026-09-26,non-licensed,clean,heavy,buyer_fee,unsecured,1000.0,1199.99,385.0,
2026-09-26,non-licensed,clean,heavy,buyer_fee,unsecured,1200.0,1299.99,415.0,
2026-09-26,non-licensed,clean,heavy,buyer_fee,unsecured,1300.0,1399.99,435.0,
2026-09-26,non-licensed,clean,heavy,buyer_fee,unsecured,1400.0,1499.99,455.0,
2026-09-26,non-licensed,clean,heavy,buyer_fee,unsecured,1500.0,1599.99,470.0,
2026-09-26,non-licensed,clean,heavy,buyer_fee,unsecured,1600.0,1699.99,495.0,
2026-09-26,non-licensed,clean,heavy,buyer_fee,unsecured,1700.0,1799.99,510.0,
2026-09-26,non-licensed,clean,heavy,buyer_fee,unsecured,1800.0,1999.99,540.0,
2026-09-26,non-licensed,clean,heavy,buyer_fee,unsecured,2000.0,2399.99,590.0,
2026-09-26,non-licensed,clean,heavy,buyer_fee,unsecured,2400.0,2499.99,605.0,
2026-09-26,non-licensed,clean,heavy,buyer_fee,unsecured,2500.0,2999.99,650.0,
2026-09-26,non-licensed,clean,heavy,buyer_fee,unsecured,3000.0,3499.99,775.0,
2026-09-26,non-licensed,clean,heavy,buyer_fee,unsecured,3500.0,3999.99,875.0,
2026-09-26,non-licensed,clean,heavy,buyer_fee,unsecured,4000.0,4499.99,935.0,
2026-09-26,non-licensed,clean,heavy,buyer_fee,unsecured,4500.0,4999.99,995.0,
2026-09-26,non-licensed,clean,heavy,buyer_fee,unsecured,5000.0,5999.99,,20.0
2026-09-26,non-licensed,clean,heavy,buyer_fee,unsecured,6000.0,6499.99,,20.0
2026-09-26,non-licensed,clean,heavy,buyer_fee,unsecured,6500.0,,,20.0
2026-09-26,non-licensed,clean,heavy,virtual_bid_pre_bid,any,0.0,99.99,0.0,
2026-09-26,non-licensed,clean,heavy,virtual_bid_pre_bid,any,100.0,499.99,39.0,
2026-09-26,non-licensed,clean,heavy,virtual_bid_pre_bid,any,500.0,999.99,49.0,
2026-09-26,non-licensed,clean,heavy,virtual_bid_pre_bid,any,1000.0,1499.99,69.0,
2026-09-26,non-licensed,clean,heavy,virtual_bid_pre_bid,any,1500.0,1999.99,79.0,
2026-09-26,non-licensed,clean,heavy,virtual_bid_pre_bid,any,2000.0,3999.99,89.0,
2026-09-26,non-licensed,clean,heavy,virtual_bid_pre_bid,any,4000.0,5999.99,99.0,
2026-09-26,non-licensed,clean,heavy,virtual_bid_pre_bid,any,6000.0,7999.99,119.0,
2026-09-26,non-licensed,clean,heavy,virtual_bid_pre_bid,any,8000.0,,129.0,
2026-09-26,non-licensed,clean,heavy,virtual_bid_live_bid,any,0.0,99.99,0.0,
2026-09-26,non-licensed,clean,heavy,virtual_bid_live_bid,any,100.0,499.99,49.0,
2026-09-26,non-licensed,clean,heavy,virtual_bid_live_bid,any,500.0,999.99,59.0,
2026-09-26,non-licensed,clean,heavy,virtual_bid_live_bid,any,1000.0,1499.99,79.0,
2026-09-26,non-licensed,clean,heavy,virtual_bid_live_bid,any,1500.0,1999.99,89.0,
2026-09-26,non-licensed,clean,heavy,virtual_bid_live_bid,any,2000.0,3999.99,99.0,
2026-09-26,non-licensed,clean,heavy,virtual_bid_live_bid,any,4000.0,5999.99,109.0,
2026-09-26,non-licensed,clean,heavy,virtual_bid_live_bid,any,6000.0,7999.99,139.0,
2026-09-26,non-licensed,clean,heavy,virtual_bid_live_bid,any,8000.0,,149.0,
2026-09-26,non-licensed,clean,heavy,gate_fee,any,0,,79.0,
