page,from_date,to_date,dt_days,base_lots,survivors,survival,implied_ct_days
1,2022-08-02,2022-09-01,30,50000,3425,0.0685,11.19
2,2022-08-02,2022-09-01,30,50000,2726,0.0545,10.31
1,2022-11-01,2022-12-05,34,50000,2015,0.0403,10.59
2,2022-11-01,2022-12-04,33,50000,1446,0.0289,9.31
3,2022-11-01,2022-12-05,34,50000,5470,0.1094,15.37
4,2022-11-01,2022-12-05,34,21614,2660,0.1231,16.23
2,2022-12-04,2023-01-02,29,50000,2594,0.0519,9.8
1,2022-12-05,2023-01-02,28,50000,3618,0.0724,10.66
3,2022-12-05,2023-01-02,28,50000,5373,0.1075,12.55
4,2022-12-05,2023-01-02,28,21635,1121,0.0518,9.46
1,2023-06-01,2023-07-01,30,50000,2501,0.05,10.02
2,2023-06-01,2023-07-01,30,50000,1651,0.033,8.8
3,2023-06-01,2023-07-01,30,50000,602,0.012,6.79
1,2023-07-01,2023-08-05,35,50000,4308,0.0862,14.28
2,2023-07-01,2023-08-05,35,50000,2969,0.0594,12.39
3,2023-07-01,2023-08-05,35,50000,536,0.0107,7.72
4,2023-07-01,2023-08-05,35,13531,236,0.0174,8.64
1,2023-11-01,2023-12-02,31,50000,4149,0.083,12.45
2,2023-11-01,2023-12-02,31,50000,2335,0.0467,10.12
1,2023-12-02,2024-01-01,30,50000,4440,0.0888,12.39
2,2023-12-02,2024-01-01,30,50000,3370,0.0674,11.12
2,2024-01-01,2024-02-01,31,50000,2632,0.0526,10.53
3,2024-01-01,2024-02-02,32,50000,4504,0.0901,13.29
2,2024-02-01,2024-03-08,36,50000,1887,0.0377,10.99
2,2024-03-08,2024-04-01,24,50000,6169,0.1234,11.47
1,2024-03-11,2024-04-01,21,50000,8169,0.1634,11.59
4,2024-03-11,2024-04-01,21,50000,636,0.0127,4.81
1,2024-04-01,2024-05-02,31,50000,2336,0.0467,10.12
2,2024-04-01,2024-05-01,30,50000,1787,0.0357,9.0
3,2024-04-01,2024-05-01,30,50000,2013,0.0403,9.34
4,2024-04-01,2024-05-02,31,46600,689,0.0148,7.36
2,2024-05-01,2024-06-01,31,50000,2364,0.0473,10.16
3,2024-05-01,2024-06-01,31,50000,1394,0.0279,8.66
1,2024-05-02,2024-06-01,30,50000,2150,0.043,9.53
4,2024-05-02,2024-06-01,30,38236,891,0.0233,7.98
1,2024-06-01,2024-07-06,35,50000,4372,0.0874,14.36
3,2024-06-01,2024-07-05,34,50000,1709,0.0342,10.07
4,2024-06-01,2024-07-06,35,34667,1102,0.0318,10.15
2,2024-10-02,2024-11-07,36,49885,5303,0.1063,16.06
1,2024-10-03,2024-11-07,35,49447,2830,0.0572,12.24
4,2024-10-03,2024-11-07,35,47065,1337,0.0284,9.83
2,2025-08-02,2025-09-01,30,49602,2190,0.0442,9.61
4,2025-08-02,2025-09-01,30,14283,95,0.0067,5.98
