observation_date,HTRUCKSNSA
1967-01-01,26.900
1967-02-01,25.300
1967-03-01,33.000
1967-04-01,29.000
1967-05-01,32.100
1967-06-01,33.700
1967-07-01,27.100
1967-08-01,27.200
1967-09-01,24.600
1967-10-01,27.400
1967-11-01,21.700
1967-12-01,21.700
1968-01-01,24.700
1968-02-01,27.900
1968-03-01,32.400
1968-04-01,28.700
1968-05-01,33.200
1968-06-01,32.100
1968-07-01,29.900
1968-08-01,27.900
1968-09-01,25.000
1968-10-01,30.400
1968-11-01,25.300
1968-12-01,25.800
1969-01-01,29.300
1969-02-01,31.900
1969-03-01,32.500
1969-04-01,33.800
1969-05-01,34.800
1969-06-01,37.600
1969-07-01,32.000
1969-08-01,31.900
1969-09-01,30.500
1969-10-01,35.600
1969-11-01,25.500
1969-12-01,29.100
1970-01-01,25.200
1970-02-01,30.900
1970-03-01,30.100
1970-04-01,31.500
1970-05-01,30.000
1970-06-01,35.100
1970-07-01,29.000
1970-08-01,27.400
1970-09-01,27.800
1970-10-01,29.800
1970-11-01,20.100
1970-12-01,20.400
1971-01-01,21.900
1971-02-01,24.500
1971-03-01,27.300
1971-04-01,29.600
1971-05-01,28.300
1971-06-01,32.700
1971-07-01,30.400
1971-08-01,25.900
1971-09-01,29.600
1971-10-01,32.400
1971-11-01,27.400
1971-12-01,28.900
1972-01-01,28.800
1972-02-01,33.000
1972-03-01,35.900
1972-04-01,37.400
1972-05-01,39.900
1972-06-01,41.100
1972-07-01,39.100
1972-08-01,37.400
1972-09-01,33.600
1972-10-01,38.100
1972-11-01,35.700
1972-12-01,37.400
1973-01-01,35.500
1973-02-01,36.800
1973-03-01,50.100
1973-04-01,46.600
1973-05-01,48.200
1973-06-01,46.400
1973-07-01,42.000
1973-08-01,39.800
1973-09-01,36.700
1973-10-01,40.400
1973-11-01,35.800
1973-12-01,37.400
1974-01-01,29.700
1974-02-01,32.900
1974-03-01,39.300
1974-04-01,42.600
1974-05-01,39.300
1974-06-01,39.900
1974-07-01,32.700
1974-08-01,36.000
1974-09-01,37.500
1974-10-01,35.400
1974-11-01,27.000
1974-12-01,31.600
1975-01-01,23.300
1975-02-01,23.100
1975-03-01,26.800
1975-04-01,25.600
1975-05-01,25.000
1975-06-01,25.300
1975-07-01,29.000
1975-08-01,26.600
1975-09-01,25.100
1975-10-01,29.300
1975-11-01,19.600
1975-12-01,19.600
1976-01-01,20.600
1976-02-01,21.400
1976-03-01,27.500
1976-04-01,28.000
1976-05-01,27.100
1976-06-01,29.800
1976-07-01,32.200
1976-08-01,31.200
1976-09-01,33.000
1976-10-01,25.700
1976-11-01,22.400
1976-12-01,25.800
1977-01-01,24.900
1977-02-01,26.700
1977-03-01,37.100
1977-04-01,34.100
1977-05-01,32.400
1977-06-01,35.300
1977-07-01,30.700
1977-08-01,33.300
1977-09-01,30.800
1977-10-01,34.800
1977-11-01,27.500
1977-12-01,29.500
1978-01-01,25.100
1978-02-01,28.200
1978-03-01,44.100
1978-04-01,38.100
1978-05-01,41.000
1978-06-01,43.900
1978-07-01,40.500
1978-08-01,33.200
1978-09-01,36.100
1978-10-01,40.500
1978-11-01,32.100
1978-12-01,37.000
1979-01-01,31.200
1979-02-01,33.400
1979-03-01,41.900
1979-04-01,38.200
1979-05-01,35.900
1979-06-01,34.000
1979-07-01,36.800
1979-08-01,31.000
1979-09-01,27.000
1979-10-01,34.300
1979-11-01,24.100
1979-12-01,22.300
1980-01-01,24.200
1980-02-01,23.200
1980-03-01,25.800
1980-04-01,22.100
1980-05-01,20.000
1980-06-01,23.200
1980-07-01,27.200
1980-08-01,25.100
1980-09-01,23.900
1980-10-01,24.100
1980-11-01,15.500
1980-12-01,17.400
1981-01-01,18.900
1981-02-01,16.900
1981-03-01,21.900
1981-04-01,25.400
1981-05-01,18.400
1981-06-01,18.500
1981-07-01,21.500
1981-08-01,18.900
1981-09-01,18.200
1981-10-01,18.300
1981-11-01,12.700
1981-12-01,16.700
1982-01-01,16.000
1982-02-01,14.200
1982-03-01,17.900
1982-04-01,18.900
1982-05-01,17.000
1982-06-01,17.100
1982-07-01,16.500
1982-08-01,14.100
1982-09-01,14.700
1982-10-01,13.400
1982-11-01,10.500
1982-12-01,14.600
1983-01-01,13.500
1983-02-01,11.800
1983-03-01,17.400
1983-04-01,15.200
1983-05-01,13.900
1983-06-01,15.900
1983-07-01,16.800
1983-08-01,16.700
1983-09-01,16.700
1983-10-01,17.300
1983-11-01,14.600
1983-12-01,19.000
1984-01-01,15.900
1984-02-01,18.600
1984-03-01,21.800
1984-04-01,23.700
1984-05-01,25.200
1984-06-01,25.200
1984-07-01,27.000
1984-08-01,23.000
1984-09-01,24.500
1984-10-01,26.300
1984-11-01,22.400
1984-12-01,24.600
1985-01-01,22.600
1985-02-01,20.300
1985-03-01,26.800
1985-04-01,27.400
1985-05-01,26.000
1985-06-01,25.700
1985-07-01,25.000
1985-08-01,22.800
1985-09-01,24.800
1985-10-01,26.200
1985-11-01,19.900
1985-12-01,27.500
1986-01-01,20.800
1986-02-01,17.400
1986-03-01,23.100
1986-04-01,25.300
1986-05-01,23.200
1986-06-01,25.300
1986-07-01,24.000
1986-08-01,21.600
1986-09-01,23.100
1986-10-01,24.700
1986-11-01,19.300
1986-12-01,25.700
1987-01-01,19.100
1987-02-01,19.800
1987-03-01,24.800
1987-04-01,27.100
1987-05-01,24.700
1987-06-01,25.100
1987-07-01,24.900
1987-08-01,24.200
1987-09-01,24.900
1987-10-01,24.900
1987-11-01,22.600
1987-12-01,25.200
1988-01-01,21.600
1988-02-01,25.900
1988-03-01,30.800
1988-04-01,30.500
1988-05-01,28.900
1988-06-01,29.700
1988-07-01,28.100
1988-08-01,26.300
1988-09-01,27.800
1988-10-01,30.200
1988-11-01,25.900
1988-12-01,28.600
1989-01-01,25.400
1989-02-01,23.200
1989-03-01,27.700
1989-04-01,28.700
1989-05-01,28.700
1989-06-01,28.700
1989-07-01,26.900
1989-08-01,26.900
1989-09-01,24.200
1989-10-01,27.200
1989-11-01,21.700
1989-12-01,22.700
1990-01-01,21.800
1990-02-01,21.400
1990-03-01,25.300
1990-04-01,24.800
1990-05-01,24.600
1990-06-01,24.700
1990-07-01,26.100
1990-08-01,23.500
1990-09-01,21.800
1990-10-01,23.900
1990-11-01,18.300
1990-12-01,21.300
1991-01-01,17.100
1991-02-01,16.900
1991-03-01,20.100
1991-04-01,20.000
1991-05-01,19.000
1991-06-01,18.600
1991-07-01,21.000
1991-08-01,17.500
1991-09-01,17.800
1991-10-01,18.100
1991-11-01,14.800
1991-12-01,20.100
1992-01-01,16.700
1992-02-01,16.800
1992-03-01,20.200
1992-04-01,23.000
1992-05-01,19.800
1992-06-01,21.900
1992-07-01,22.500
1992-08-01,20.500
1992-09-01,21.800
1992-10-01,24.800
1992-11-01,18.300
1992-12-01,23.000
1993-01-01,18.100
1993-02-01,19.600
1993-03-01,26.200
1993-04-01,27.700
1993-05-01,25.700
1993-06-01,29.300
1993-07-01,26.400
1993-08-01,25.400
1993-09-01,26.100
1993-10-01,25.500
1993-11-01,25.000
1993-12-01,27.800
1994-01-01,23.600
1994-02-01,23.700
1994-03-01,30.200
1994-04-01,30.500
1994-05-01,28.100
1994-06-01,33.900
1994-07-01,28.800
1994-08-01,32.200
1994-09-01,29.800
1994-10-01,31.300
1994-11-01,28.700
1994-12-01,32.000
1995-01-01,30.500
1995-02-01,29.600
1995-03-01,36.700
1995-04-01,34.700
1995-05-01,35.300
1995-06-01,37.600
1995-07-01,30.400
1995-08-01,31.500
1995-09-01,30.100
1995-10-01,33.000
1995-11-01,27.500
1995-12-01,31.500
1996-01-01,26.500
1996-02-01,28.700
1996-03-01,31.900
1996-04-01,32.900
1996-05-01,33.900
1996-06-01,35.200
1996-07-01,32.300
1996-08-01,30.300
1996-09-01,27.400
1996-10-01,29.900
1996-11-01,23.200
1996-12-01,26.900
1997-01-01,25.400
1997-02-01,26.200
1997-03-01,33.000
1997-04-01,33.900
1997-05-01,33.100
1997-06-01,31.600
1997-07-01,32.000
1997-08-01,31.100
1997-09-01,31.100
1997-10-01,35.300
1997-11-01,28.300
1997-12-01,35.200
1998-01-01,27.000
1998-02-01,29.000
1998-03-01,36.700
1998-04-01,37.800
1998-05-01,35.100
1998-06-01,37.100
1998-07-01,35.300
1998-08-01,36.000
1998-09-01,36.500
1998-10-01,39.000
1998-11-01,35.300
1998-12-01,39.500
1999-01-01,33.000
1999-02-01,38.900
1999-03-01,47.800
1999-04-01,47.400
1999-05-01,44.200
1999-06-01,47.900
1999-07-01,42.500
1999-08-01,43.800
1999-09-01,44.300
1999-10-01,44.900
1999-11-01,41.400
1999-12-01,45.200
2000-01-01,34.500
2000-02-01,39.500
2000-03-01,49.500
2000-04-01,43.500
2000-05-01,45.200
2000-06-01,48.800
2000-07-01,36.600
2000-08-01,39.200
2000-09-01,31.900
2000-10-01,33.700
2000-11-01,28.600
2000-12-01,30.900
2001-01-01,28.400
2001-02-01,28.400
2001-03-01,34.200
2001-04-01,30.700
2001-05-01,35.400
2001-06-01,32.600
2001-07-01,27.700
2001-08-01,29.700
2001-09-01,23.400
2001-10-01,30.800
2001-11-01,23.400
2001-12-01,25.400
2002-01-01,21.517
2002-02-01,21.752
2002-03-01,26.485
2002-04-01,30.007
2002-05-01,31.736
2002-06-01,27.430
2002-07-01,27.574
2002-08-01,29.361
2002-09-01,27.096
2002-10-01,29.977
2002-11-01,24.464
2002-12-01,24.885
2003-01-01,20.080
2003-02-01,21.601
2003-03-01,25.138
2003-04-01,28.585
2003-05-01,27.594
2003-06-01,28.431
2003-07-01,29.292
2003-08-01,27.256
2003-09-01,28.223
2003-10-01,30.897
2003-11-01,26.679
2003-12-01,34.613
2004-01-01,27.147
2004-02-01,29.207
2004-03-01,37.601
2004-04-01,36.256
2004-05-01,35.599
2004-06-01,37.114
2004-07-01,36.233
2004-08-01,37.218
2004-09-01,36.463
2004-10-01,38.266
2004-11-01,35.032
2004-12-01,45.517
2005-01-01,35.340
2005-02-01,35.391
2005-03-01,43.398
2005-04-01,42.644
2005-05-01,41.541
2005-06-01,46.250
2005-07-01,41.388
2005-08-01,43.336
2005-09-01,40.974
2005-10-01,41.088
2005-11-01,39.219
2005-12-01,46.006
2006-01-01,36.236
2006-02-01,40.948
2006-03-01,50.987
2006-04-01,46.025
2006-05-01,48.774
2006-06-01,49.349
2006-07-01,41.517
2006-08-01,47.497
2006-09-01,43.733
2006-10-01,47.502
2006-11-01,41.689
2006-12-01,50.324
2007-01-01,36.826
2007-02-01,34.034
2007-03-01,37.965
2007-04-01,33.563
2007-05-01,31.540
2007-06-01,31.060
2007-07-01,26.754
2007-08-01,29.163
2007-09-01,25.363
2007-10-01,29.944
2007-11-01,25.148
2007-12-01,29.733
2008-01-01,24.282
2008-02-01,24.751
2008-03-01,27.066
2008-04-01,29.492
2008-05-01,27.661
2008-06-01,27.267
2008-07-01,23.741
2008-08-01,22.315
2008-09-01,22.286
2008-10-01,24.434
2008-11-01,20.327
2008-12-01,24.802
2009-01-01,15.573
2009-02-01,14.461
2009-03-01,17.667
2009-04-01,15.263
2009-05-01,14.508
2009-06-01,17.449
2009-07-01,16.070
2009-08-01,14.608
2009-09-01,15.435
2009-10-01,18.251
2009-11-01,17.387
2009-12-01,23.014
2010-01-01,15.898
2010-02-01,14.905
2010-03-01,20.321
2010-04-01,16.910
2010-05-01,16.815
2010-06-01,19.167
2010-07-01,18.742
2010-08-01,17.238
2010-09-01,18.012
2010-10-01,18.522
2010-11-01,18.405
2010-12-01,22.767
2011-01-01,18.228
2011-02-01,19.139
2011-03-01,25.522
2011-04-01,23.047
2011-05-01,25.136
2011-06-01,27.475
2011-07-01,23.653
2011-08-01,27.682
2011-09-01,27.340
2011-10-01,29.062
2011-11-01,26.724
2011-12-01,33.562
2012-01-01,24.294
2012-02-01,26.960
2012-03-01,31.839
2012-04-01,28.805
2012-05-01,31.453
2012-06-01,30.411
2012-07-01,28.960
2012-08-01,30.362
2012-09-01,26.537
2012-10-01,28.850
2012-11-01,25.783
2012-12-01,32.027
2013-01-01,24.990
2013-02-01,24.836
2013-03-01,25.773
2013-04-01,30.565
2013-05-01,30.366
2013-06-01,31.528
2013-07-01,29.586
2013-08-01,28.820
2013-09-01,28.551
2013-10-01,33.870
2013-11-01,27.780
2013-12-01,35.946
2014-01-01,26.642
2014-02-01,27.063
2014-03-01,32.266
2014-04-01,34.403
2014-05-01,33.764
2014-06-01,34.195
2014-07-01,36.346
2014-08-01,35.643
2014-09-01,36.497
2014-10-01,38.631
2014-11-01,30.011
2014-12-01,42.192
2015-01-01,30.735
2015-02-01,31.254
2015-03-01,38.044
2015-04-01,36.231
2015-05-01,37.110
2015-06-01,43.508
2015-07-01,40.647
2015-08-01,38.961
2015-09-01,37.514
2015-10-01,38.910
2015-11-01,35.279
2015-12-01,41.140
2016-01-01,31.351
2016-02-01,33.125
2016-03-01,40.383
2016-04-01,34.402
2016-05-01,33.951
2016-06-01,35.723
2016-07-01,30.146
2016-08-01,33.556
2016-09-01,32.357
2016-10-01,29.885
2016-11-01,29.752
2016-12-01,36.365
2017-01-01,25.726
2017-02-01,27.968
2017-03-01,35.155
2017-04-01,32.019
2017-05-01,34.550
2017-06-01,37.660
2017-07-01,32.371
2017-08-01,38.176
2017-09-01,36.057
2017-10-01,36.494
2017-11-01,35.332
2017-12-01,43.534
2018-01-01,30.704
2018-02-01,34.377
2018-03-01,40.519
2018-04-01,37.680
2018-05-01,39.991
2018-06-01,42.948
2018-07-01,40.154
2018-08-01,45.201
2018-09-01,42.861
2018-10-01,45.627
2018-11-01,39.666
2018-12-01,48.128
2019-01-01,38.338
2019-02-01,36.765
2019-03-01,43.935
2019-04-01,46.141
2019-05-01,46.595
2019-06-01,45.073
2019-07-01,47.443
2019-08-01,46.617
2019-09-01,48.528
2019-10-01,46.179
2019-11-01,35.291
2019-12-01,46.187
2020-01-01,31.897
2020-02-01,33.144
2020-03-01,33.363
2020-04-01,27.954
2020-05-01,23.616
2020-06-01,30.405
2020-07-01,31.812
2020-08-01,36.327
2020-09-01,38.577
2020-10-01,40.383
2020-11-01,36.121
2020-12-01,45.909
2021-01-01,35.423
2021-02-01,32.938
2021-03-01,45.597
2021-04-01,38.737
2021-05-01,38.315
2021-06-01,40.786
2021-07-01,35.894
2021-08-01,36.304
2021-09-01,37.030
2021-10-01,38.333
2021-11-01,35.193
2021-12-01,47.042
2022-01-01,30.761
2022-02-01,32.245
2022-03-01,41.344
2022-04-01,35.456
2022-05-01,37.560
2022-06-01,40.617
2022-07-01,38.168
2022-08-01,43.801
2022-09-01,41.718
2022-10-01,43.139
2022-11-01,41.072
2022-12-01,50.104
2023-01-01,36.457
2023-02-01,36.872
2023-03-01,44.670
2023-04-01,41.868
2023-05-01,45.783
2023-06-01,46.289
2023-07-01,40.633
2023-08-01,46.380
2023-09-01,42.401
2023-10-01,40.835
2023-11-01,38.405
2023-12-01,46.196
2024-01-01,36.856
2024-02-01,36.602
2024-03-01,39.562
2024-04-01,40.347
2024-05-01,40.102
2024-06-01,38.076
2024-07-01,42.175
2024-08-01,43.442
2024-09-01,40.121
2024-10-01,41.325
2024-11-01,38.477
2024-12-01,44.969
2025-01-01,35.470
2025-02-01,31.542
2025-03-01,38.620
2025-04-01,36.817
2025-05-01,37.295
2025-06-01,38.180
2025-07-01,36.035
2025-08-01,34.252
2025-09-01,33.138
2025-10-01,30.044
2025-11-01,25.539
2025-12-01,39.307
2026-01-01,28.312
2026-02-01,26.588
2026-03-01,31.955
2026-04-01,31.232
2026-05-01,34.942
2026-06-01,40.663
2026-07-01,37.277
2026-08-01,36.464
