month,pages_held,page_counts,total_lots,complete,note,core_max,core_min,pw_n,salvage_pct,clean_pct,med_veh_year,top_state,scanned_lots
202208,"1,2,4",1:50000;2:50000;4:4470,,0,"all held pages full (1,2,4); remainder unknown",71432191,20667254,0,72.32,22.38,2013,CA,104470
202209,"1,2,3,4",1:50000;2:50000;3:50000;4:8756,158756,1,"last page = 4 (8,756)",71436021,20784257,0,78.76,16.94,2013,TX,158756
202211,"1,2,3,4",1:50000;2:50000;3:50000;4:21614,171614,1,"last page = 4 (21,614)",71434211,23469259,0,76.75,15.89,2013,FL,171614
202212,"1,2,3,4",1:50000;2:50000;3:50000;4:21635,171635,1,"last page = 4 (21,635)",71417511,22837197,0,76.7,16.97,2013,FL,171635
202301,"1,2,3,4",1:50000;2:50000;3:50000;4:17787,167787,1,"last page = 4 (17,787)",73722462,23589198,0,78.85,15.86,2013,TX,167787
202303,"1,2,3,4",1:50000;2:50000;3:50000;4:30626,180626,1,"last page = 4 (30,626)",73764992,24584167,0,79.09,16.16,2014,TX,180626
202306,"1,2,3,4",1:50000;2:50000;3:50000;4:4952,154952,1,"last page = 4 (4,952)",73765122,25852580,0,77.07,18.0,2014,TX,154952
202307,"1,2,3,4",1:49999;2:50000;3:50000;4:13531,163530,1,"last page = 4 (13,531)",73764582,18855024,0,75.42,19.91,2014,TX,163530
202308,"1,2,3,4",1:50000;2:50000;3:50000;4:19940,169940,1,"last page = 4 (19,940)",73765102,23567839,0,74.79,21.17,2014,TX,169940
202310,4,4:0,,0,all held pages full (4); remainder unknown,,,0,,,,,0
202311,"1,2",1:50000;2:49999,,0,"all held pages full (1,2); remainder unknown",74982613,24988299,0,68.16,26.3,2014,CA,99999
202312,"1,2,4",1:50000;2:50000;4:34105,,0,"all held pages full (1,2,4); remainder unknown",79132473,24875069,0,73.42,22.17,2014,CA,134105
202401,"1,2,3,4",1:50000;2:50000;3:50000;4:29610,179610,1,"last page = 4 (29,610)",82968133,19802504,0,77.2,18.86,2014,TX,179610
202402,"2,3,4",2:50000;3:50000;4:0,,0,"all held pages full (2,3,4); remainder unknown",82993193,23128087,0,80.02,15.56,2014,IL,100000
202403,"1,2,4",1:50000;2:50000;4:50000,,0,"all held pages full (1,2,4); remainder unknown",82993013,23128087,0,77.21,18.4,2015,IL,150000
202404,"1,2,3,4",1:49999;2:50000;3:50000;4:46600,196599,1,"last page = 4 (46,600)",82992963,23128087,0,78.44,17.29,2015,IL,196599
202405,"1,2,3,4",1:50000;2:50000;3:50000;4:38236,188236,1,"last page = 4 (38,236)",82993473,23025619,0,78.08,17.65,2015,TX,188236
202406,"1,2,3,4",1:50000;2:50000;3:50000;4:34667,184667,1,"last page = 4 (34,667)",82993473,30099881,0,76.45,19.0,2015,TX,184667
202407,"1,3,4",1:50000;3:50000;4:50000,,0,"all held pages full (1,3,4); remainder unknown",82989833,27433540,0,78.65,17.74,2015,TX,150000
202410,"1,2,3,4",1:50000;2:50000;3:50000;4:48095,198095,1,"last page = 4 (48,095)",82972833,27433540,2815,74.12,19.93,2015,TX,198095
202411,"1,2,4",1:50000;2:50000;4:50000,,0,"all held pages full (1,2,4); remainder unknown",82988173,30669792,717,74.35,18.69,2015,TX,150000
202501,"1,2",1:50000;2:50000,,0,"all held pages full (1,2); remainder unknown",87494264,27433540,112,66.4,25.6,2015,FL,100000
202506,"1,2,3,4",1:50000;2:50000;3:50000;4:13560,163560,1,"last page = 4 (13,560)",89412635,29990090,3251,73.1,20.72,2016,TX,163560
202508,"2,4",2:50000;4:14283,,0,"all held pages full (2,4); remainder unknown",89410575,31320822,398,73.16,22.09,2016,TX,64283
202509,"1,2,3,4",1:49998;2:49999;3:50000;4:3264,153261,1,"last page = 4 (3,264)",89412975,31936860,2142,73.06,21.8,2016,TX,153261
202510,4,4:0,,0,all held pages full (4); remainder unknown,,,0,,,,,0
202511,"1,3",1:50000;3:50000,,0,"all held pages full (1,3); remainder unknown",91330535,31459491,1885,73.3,21.08,2016,TX,100000
202512,"1,2,3",1:50000;2:50000;3:50000,,0,"all held pages full (1,2,3); remainder unknown",99046935,27433540,3415,72.72,21.66,2016,TX,150000
202601,"1,2,3",1:50000;2:50000;3:50000,,0,"all held pages full (1,2,3); remainder unknown",99583975,27433540,1155,73.76,22.16,2016,TX,150000
