month,pages,sum_pages,union_lots,overlap_pct,complete,usable,last_page,last_page_n
202208,"1,2,4",104470,91157,12.74,0,0,,
202209,"1,2,3,4",158756,154603,2.62,1,0,4,8756
202211,"1,2,3,4",171614,169857,1.02,1,0,4,21614
202212,"1,2,3,4",171635,170230,0.82,1,1,4,21635
202301,"1,2,3,4",167787,167787,0.0,1,1,4,17787
202303,"1,2,3,4",180626,180626,0.0,1,1,4,30626
202306,"1,2,3,4",154952,144586,6.69,1,0,4,4952
202307,"1,2,3,4",163531,161541,1.22,1,0,4,13531
202308,"1,2,3,4",169940,169936,0.0,1,1,4,19940
202311,"1,2",100000,99955,0.04,0,0,,
202312,"1,2,4",139574,132960,4.74,0,0,,
202401,"1,2,3,4",179610,179610,0.0,1,1,4,29610
202402,"2,3",100000,99908,0.09,0,0,,
202403,"1,2,4",150000,149917,0.06,0,0,,
202404,"1,2,3,4",196600,190856,2.92,1,0,4,46600
202405,"1,2,3,4",188236,178556,5.14,1,0,4,38236
202406,"1,2,3,4",184667,184480,0.1,1,1,4,34667
202407,"1,3,4",150000,146490,2.34,0,0,,
202410,"1,2,3,4",198095,191340,3.41,1,0,4,48095
202411,"1,2,4",150000,147107,1.93,0,0,,
202501,"1,2",100000,99996,0.0,0,0,,
202506,"1,2,3,4",163560,163513,0.03,1,1,4,13560
202508,"2,4",64283,63852,0.67,0,0,,
202509,"1,2,3,4",153264,153101,0.11,1,1,4,3264
202511,"1,3",100000,100000,0.0,0,0,,
202512,"1,2,3,4",161815,161809,0.0,1,1,4,11815
202601,"1,2,3,4",159593,159593,0.0,1,1,4,9593
