# E1 step 1 (scripts/experiments/e1_listed_body_share.py): light-truck share of Copart's LISTED pool by capture, from lot slugs; LT = pickup (<=10,000 lb) + SUV/crossover + van on Ward's/EPA convention; share = LT/(CAR+LT); *_exambig treats ambiguous crossovers (Outback, Soul, Niro, EV6, Crosstrek, Kicks, HHR, Element...) as cars. Archive rows = Internet Archive captures (union of pages, may be out of sync -> use as level check only); live rows = nightly lot_snapshots. Listed pool, not total losses; includes clean-title. No network.
month,source,pages,lots,light_classified,other,unclassified,pickup,suv,van,lt_share_all,lt_share_all_exambig,lt_share_salvage,lt_share_salvage_exambig,lt_share_clean,n_salvage,n_clean,median_my_lt,median_my_car
202208,archive,4,107039,100936,4602,1501,10174,32608,4721,47.06,45.27,45.53,43.63,52.06,73331,22283,2013,2013
202209,archive,4,154572,145215,7253,2104,14812,47247,6452,47.18,45.37,46.18,44.25,51.71,115088,23978,2013,2013
202211,archive,4,169836,160504,7248,2084,15618,53513,7330,47.64,45.81,46.66,44.78,51.93,124158,24461,2014,2013
202212,archive,4,170224,161098,6981,2145,15639,54103,7372,47.87,45.99,46.85,44.92,51.66,124817,26305,2014,2013
202301,archive,4,167783,159955,6036,1792,15951,53949,7076,48.12,46.25,47.12,45.17,52.54,127295,24350,2014,2013
202303,archive,4,180616,173279,5774,1563,18324,59004,7757,49.1,47.18,48.44,46.44,52.26,138220,27019,2014,2013
202306,archive,4,144563,137313,5675,1575,14118,47241,6241,49.23,47.25,48.41,46.3,52.79,107011,23674,2014,2013
202307,archive,4,161525,153060,6671,1794,15715,52896,7185,49.52,47.55,48.66,46.57,52.85,116559,29418,2014,2013
202308,archive,4,169920,160839,6931,2150,16352,56275,7406,49.76,47.7,48.96,46.79,52.62,121705,32810,2014,2014
202310,archive,1,0,0,0,0,0,0,0,,,,,,0,0,,
202311,archive,2,99946,93183,5043,1720,9403,32879,4217,49.9,47.85,48.2,46.0,54.33,64360,23740,2015,2013
202312,archive,4,165023,156150,6772,2101,15627,55579,7319,50.29,48.11,49.2,46.9,55.01,122148,28190,2015,2014
202401,archive,4,179603,170765,6872,1966,17241,61406,7811,50.63,48.47,49.63,47.38,54.66,133158,31041,2015,2014
202402,archive,3,99902,95311,3624,967,9665,34989,4364,51.43,49.15,50.75,48.39,54.13,77118,14068,2015,2014
202403,archive,3,149907,143344,5241,1322,14858,52566,6758,51.75,49.49,51.02,48.64,54.95,111761,25404,2015,2014
202404,archive,4,190844,182818,6311,1715,18852,66597,8235,51.24,49.03,50.44,48.11,54.98,145181,30064,2015,2014
202405,archive,4,178523,170765,6051,1707,17489,62887,7722,51.59,49.42,50.74,48.48,54.96,134115,29536,2015,2014
202406,archive,4,184459,175952,6759,1748,18018,65021,8085,51.79,49.58,50.91,48.61,55.06,135751,32298,2015,2014
202407,archive,3,146480,140703,4362,1415,14078,52366,6210,51.64,49.41,50.72,48.43,55.35,111855,23777,2016,2014
202410,archive,4,190087,177113,9523,3451,18280,66054,8475,52.4,50.1,51.54,49.17,55.67,135075,33943,2016,2014
202411,archive,4,146826,137515,6661,2650,14275,51983,6172,52.67,50.39,51.7,49.4,55.6,103969,24865,2016,2014
202501,archive,2,99936,93488,4625,1823,9854,35840,4816,54.03,51.75,53.12,50.72,55.82,62979,23240,2016,2014
202506,archive,4,162392,151462,7850,3080,16444,58365,6914,53.96,51.65,53.04,50.6,57.32,114834,30204,2016,2015
202508,archive,2,63712,59258,3333,1121,6633,22952,2787,54.63,52.22,53.58,51.09,58.14,43848,13011,2016,2015
202509,archive,4,152253,141215,8190,2848,15519,55712,6874,55.31,52.93,54.32,51.8,58.88,106337,29549,2016,2015
202510,archive,1,0,0,0,0,0,0,0,,,,,,0,0,,
202511,archive,3,99323,92194,5258,1871,9929,37219,4332,55.84,53.48,54.77,52.32,59.98,70783,17828,2017,2015
202512,archive,4,160513,148959,8587,2967,16313,60728,7068,56.46,54.06,55.44,52.91,60.35,114491,29659,2017,2015
202601,archive,4,159167,149603,7112,2452,16292,61156,6995,56.44,54.01,55.44,52.89,60.03,114486,30424,2017,2015
20260908,live,,139539,128538,8073,2928,14155,53877,6895,58.29,55.84,56.53,53.89,63.68,93820,30491,2018,2016
20260910,live,,140296,129561,7815,2920,14195,54643,6477,58.13,55.64,56.73,54.07,62.85,96842,28498,2018,2016
20260911,live,,129018,118705,7272,3041,13048,50016,6000,58.18,55.75,56.7,54.14,63.58,89726,25111,2018,2016
20260912,live,,149421,137173,8792,3456,15050,57699,7148,58.25,55.8,56.72,54.12,63.4,101735,30777,2018,2016
20260913,live,,149027,137301,8578,3148,15069,57748,7153,58.24,55.8,56.72,54.11,63.33,101659,30994,2018,2016
20260914,live,,145051,133492,8439,3120,14624,56061,6985,58.18,55.76,56.64,54.07,63.43,99397,29523,2018,2016
20260915,live,,128416,118062,7313,3041,12983,49372,6553,58.37,55.92,56.99,54.38,63.3,89117,25122,2018,2016
20260916,live,,128416,118062,7313,3041,12983,49372,6553,58.37,55.92,56.99,54.38,63.3,89117,25122,2018,2016
20260917,live,,143834,131047,9079,3708,14522,54996,6831,58.26,55.83,56.86,54.28,63.13,97748,28906,2018,2016
20260918,live,,139682,126758,9199,3725,13928,52887,6556,57.88,55.49,56.23,53.66,63.17,92843,29633,2017,2016
20260919,live,,142326,129820,8791,3715,14366,54288,7035,58.3,55.88,56.57,53.99,64.07,96394,28986,2018,2016
20260920,live,,146384,133759,9123,3502,14786,55949,7304,58.34,55.91,56.57,53.96,63.97,98161,30826,2018,2016
20260921,live,,142059,130116,8672,3271,14328,54420,7089,58.28,55.85,56.48,53.86,63.91,95124,30316,2018,2016
20260922,live,,136184,124071,8639,3474,13760,51825,6659,58.23,55.78,56.45,53.84,63.71,90544,29240,2018,2016
20260923,live,,137791,125135,8966,3690,13980,52377,6440,58.17,55.67,56.53,53.86,63.64,93357,27800,2018,2016
20260924,live,,141239,128193,9216,3830,14397,53791,6525,58.28,55.74,56.67,53.96,63.73,95567,28526,2018,2016
20260925,live,,138266,125736,8801,3729,14103,52607,6751,58.42,55.85,56.77,54.0,63.75,92674,28867,2018,2016
