page,ts,month,n,min_id,max_id,core_n,core_min,core_max,pw_n,salvage,clean,unknown,med_veh_year,top_state
0,20220802102241,202208,50000,20667254,71434541,50000,20667254,71434541,0,33474,13671,2855,2013,CA
1,20220802203538,202208,50000,20667254,71432191,50000,20667254,71432191,0,33686,13589,2725,2013,CA
1,20220901002227,202209,50000,20784257,71418071,50000,20784257,71418071,0,34019,13005,2976,2013,TX
1,20221101124135,202211,50000,26385389,71406211,50000,26385389,71406211,0,33018,11546,5436,2013,FL
1,20221205054815,202212,50000,24634149,71400151,50000,24634149,71400151,0,31551,13897,4552,2013,FL
1,20230102185722,202301,50000,25869527,73696912,50000,25869527,73696912,0,32628,13497,3875,2013,FL
1,20230306154032,202303,50000,26709949,73764182,50000,26709949,73764182,0,33162,13593,3245,2013,CA
1,20230601081549,202306,50000,25852580,73764482,50000,25852580,73764482,0,32635,14267,3098,2014,CA
1,20230701033041,202307,49999,18855024,73764532,49999,18855024,73764532,0,31662,15036,3301,2014,FL
1,20230805013338,202308,50000,26539670,73765102,50000,26539670,73765102,0,31550,15536,2914,2014,TX
1,20231101235122,202311,50000,29829020,74982613,50000,29829020,74982613,0,32849,14690,2461,2014,CA
1,20231202010133,202312,50000,24875069,78908453,50000,24875069,78908453,0,32900,14482,2618,2014,CA
1,20240101120531,202401,50000,19802504,82940393,50000,19802504,82940393,0,31243,16180,2577,2014,CA
1,20240311062622,202403,50000,23128087,82992003,50000,23128087,82992003,0,31988,15077,2935,2014,FL
1,20240401060905,202404,49999,23128087,82992963,49999,23128087,82992963,0,32561,14856,2582,2015,FL
1,20240502004838,202405,50000,23025619,82992953,50000,23025619,82992953,0,34111,13501,2388,2015,CA
1,20240601175052,202406,50000,30669792,82987893,50000,30669792,82987893,0,32319,14850,2831,2015,FL
1,20240706043331,202407,50000,30099881,82989833,50000,30099881,82989833,0,32589,14729,2682,2015,FL
1,20241003020453,202410,50000,27433540,999261215,49447,27433540,82967263,553,31842,14972,3186,2015,TX
1,20241107033338,202411,50000,30669792,999265756,49859,30669792,82988173,141,32497,12634,4869,2015,FL
1,20250104001416,202501,50000,27433540,87494264,50000,27433540,87494264,0,31091,14542,4367,2015,FL
1,20250601171842,202506,50000,29990090,999293497,49761,29990090,89412635,239,30960,15940,3100,2015,FL
1,20250901120916,202509,49998,32974742,999309271,49839,32974742,89410575,159,30448,17051,2499,2016,TX
1,20251101042556,202511,50000,31459491,999321261,49806,31459491,91330535,194,30536,16655,2809,2016,FL
1,20251227174826,202512,50000,31800862,999329749,49925,31800862,99046935,75,31693,16124,2183,2016,TX
1,20260101133708,202601,50000,27433540,999331420,49961,27433540,99523025,39,32712,15205,2083,2016,CA
