# Progressive (CIK 80661) personal-auto incurred claim frequency and severity, year-over-year % change for the quarter, transcribed by regex from each 10-Q/10-K MD&A (raw/sec/pgr/, fetched 2026-09-26) with the source sentence beside every number (scripts/experiments/e2_pgr_frequency.py). 10-K rows are full-year unless the sentence gives Q4. Comprehensive coverage excluded by Progressive's own convention. VERIFIED quotes; parsed figures should be spot-checked against them.
filing_date,form,freq_total_q,freq_collision_q,severity_total_q,freq_quote,collision_quote,severity_quote
2015-05-11,10-Q,1.0,-2.0,3.0,"Our incurred frequency of auto accidents, on a calendar year basis, increased about 1% for the first quarter 2015, compared to the same period last year.","Collision decreased around 2%, primarily due to higher levels of weather-related claims in the midwestern and northeastern states during the first quarter 2014.","Total personal auto incurred severity  increased about 3% for the first quarter 2015, compared to the first quarter 2014."
2015-08-05,10-Q,2.0,1.0,3.0,"Our incurred frequency of auto accidents, on a calendar year basis, increased about 2% for the second quarter 2015 and about 1% for the first six months of 2015, compared to the same periods last year.","Collision increased around 1% in the second quarter and decreased 1% for the first six months, primarily due to higher levels of weather-related claims in the midwestern and northeastern states during","Total personal auto incurred severity  increased about 3% for the three and six months ended June 30, 2015, compared to the same prior year period."
2015-11-05,10-Q,5.0,6.0,-1.0,"Our incurred frequency of auto accidents, on a calendar year basis, increased about 5% to 6% for the third quarter 2015 and about 2% to 3% for the first nine months of 2015, compared to the same periods last year.",Collision increased around 6% in the third quarter and 1% for the first nine months.,"Total personal auto incurred severity  on a calendar-year basis decreased about 1% for the third quarter 2015 and increased about 2% for the first nine months of 2015, compared to the same periods last year."
2016-05-05,10-Q,-3.0,,5.0,"40 Our incurred frequency of auto accidents, on a calendar-year basis, decreased about 3% for the first quarter 2016, compared to the same period last year.",,"Total personal auto incurred severity  on a calendar-year basis increased about 5% for the first quarter 2016, compared to the first quarter 2015."
2016-08-03,10-Q,3.0,1.0,3.0,"45 Our incurred frequency of auto accidents, on a calendar year basis, increased about 3% for the second quarter 2016 and decreased about 1% for the first six months of 2016, compared to the same periods last year.","Collision increased 1% to 2% in the second quarter and decreased 2% to 3% for the first six months, primarily due to lower levels of weather-related claims in the midwestern and northeastern states du","Total personal auto incurred severity  increased about 3% to 4% for the three and six months ended June 30, 2016, compared to the same prior year period."
2016-11-03,10-Q,1.0,,4.0,"Our incurred frequency of auto accidents, on a calendar year basis, increased about 1% for the third quarter 2016 and stayed the same for the first nine months of 2016, compared to the same periods last year.",,"Total personal auto incurred severity  increased about 4% to 5% for both the three and nine months ended September 30, 2016, compared to the same prior year period."
2017-05-03,10-Q,-4.0,-4.0,4.0,"38 Our incurred frequency of auto accidents, on a calendar year basis, decreased about 4% for the first quarter 2017, compared to the same period last year.",Collision decreased about 4%.,"Total personal auto incurred severity  on a calendar-year basis increased about 4% for the first quarter 2017, compared to last year."
2017-08-02,10-Q,-2.0,-3.0,3.0,"Our incurred frequency of auto accidents, on a calendar-year basis, decreased about 2% and 3% for the three and six months ended June 30, 2017, respectively, compared to the same periods last year.",Collision decreased about 3% for the second quarter and 4% year to date.,"Total personal auto incurred severity  on a calendar-year basis increased about 3% and 4% for the three and six months ended June 30, 2017, respectively, compared to the same periods last year."
2017-11-02,10-Q,-5.0,-6.0,1.0,"Our incurred frequency of auto accidents, on a calendar-year basis, decreased about 5% and 4% for the three and nine months ended September 30, 2017, respectively, compared to the same periods last year.",Collision decreased about 6% for the third quarter and 4% for the first nine months of 2017.,"Total personal auto incurred severity  on a calendar-year basis increased about 1% and 3% for the three and nine months ended September 30, 2017, respectively, compared to the same periods last year."
2018-05-02,10-Q,-1.0,-1.0,3.0,"36 Our incurred frequency of auto accidents, on a calendar-year basis, decreased nearly 1.",Collision and bodily injury both decreased about 1%.,"Total personal auto incurred severity  on a calendar-year basis increased about 3% for the first quarter 2018, compared to the same period last year."
2018-07-31,10-Q,-3.0,-2.0,2.0,"Our incurred frequency of auto accidents, on a calendar-year basis, decreased about 3% and 2% for the three and six months ended June 30, 2018, respectively, compared to the same periods last year.","Collision decreased about 2% and 1% for the second quarter and the first six months of 2018, respectively.","Total personal auto incurred severity  on a calendar-year basis increased about 2% and 3% for the three and six months ended June 30, 2018, respectively, compared to the same periods last year."
2018-10-31,10-Q,-3.0,-4.0,6.0,"Our incurred frequency of auto accidents, on a calendar-year basis, decreased about 3% and 2% for the three and nine months ended September 30, 2018, respectively, compared to the same periods last year.","Collision decreased about 4% and 2% for the third quarter and the first nine months of 2018, respectively.","Total personal auto incurred severity  on a calendar-year basis increased about 6% and 4% for the three and nine months ended September 30, 2018, respectively, compared to the same periods last year."
2019-05-01,10-Q,-3.0,-4.0,8.0,"Our personal auto incurred frequency, on a calendar-year basis, decreased about 3% for the first quarter 2019, compared to the same period last year.",Collision and PIP decreased about 4%.,"Total personal auto incurred severity  on a calendar-year basis increased about 8% for the three months ended March 31, 2019, compared to the same period last year."
2019-08-07,10-Q,-4.0,-5.0,8.0,"39 Our personal auto incurred frequency, on a calendar-year basis, decreased about 4% and 3% for the three and six months ended June 2019, respectively, compared to the same periods last year.",Collision decreased about 5% for both periods.,"Total personal auto incurred severity  on a calendar-year basis increased about 8% for both the three and six months ended June 30, 2019, compared to the same periods last year."
2019-11-06,10-Q,-2.0,-2.0,6.0,"Our personal auto incurred frequency, on a calendar-year basis, decreased about 2% and 3% for the three and nine months ended September 30, 2019, respectively, compared to the same periods last year.",Collision decreased about 2% for the quarter and 4% for the first nine months.,"Total personal auto incurred severity  on a calendar-year basis increased about 6% and 7% for the three and nine months ended September 30, 2019, respectively, compared to the same periods last year."
2020-05-05,10-Q,-18.0,-10.0,11.0,"Our personal auto incurred frequency, on a calendar-year basis, decreased about 18% for the first quarter 2020, compared to the same period last year.",Collision decreased about 10% and 23%.,"Total personal auto incurred severity  on a calendar-year basis increased about 11% for the three months ended March 31, 2020, compared to the same period last year."
2020-08-04,10-Q,-39.0,-36.0,8.0,"Our personal auto incurred frequency, on a calendar-year basis, decreased about 39% and 29% for the three and six months ended June 30, 2020, respectively, compared to the same periods last year.",Collision decreased about 36% for the quarter and 30% for the first six months.,"Total personal auto incurred severity  on a calendar-year basis increased about 8% and 10% for the three and six months ended June 30, 2020, respectively, compared to the same periods last year."
2020-11-03,10-Q,-19.0,-15.0,8.0,"Our personal auto incurred frequency, on a calendar-year basis, decreased about 19% and 25% for the three and nine months ended September 30, 2020, respectively, compared to the same periods last year.",Collision decreased about 15% for the quarter and 25% for the first nine months.,"Total personal auto incurred severity  on a calendar-year basis increased about 8% and 9% for the three and nine months ended September 30, 2020, respectively, compared to the same periods last year."
2021-05-04,10-Q,-3.0,11.0,5.0,"Our personal auto incurred frequency, on a calendar-year basis, decreased about 3% for the first quarter 2021, compared to the same period last year.",Collision increased about 11% for the quarter.,"Total personal auto incurred severity  on a calendar-year basis increased about 5% for the first quarter 2021, compared to the same period last year."
2021-08-03,10-Q,47.0,,8.0,"Our personal auto incurred accident frequency was up 47% for the second quarter 2021, as compared to the prior year, and severity was up 8%.",Collision is a significant driver of the increased severity we experienced during the current quarter as the increase in the valuation of used vehicles is increasing our total loss and repair costs.,"Total personal auto incurred severity  on a calendar-year basis increased about 8% during the second quarter and the first six months of 2021, compared to the same period in 2019."
2021-11-02,10-Q,10.0,,12.0,"In addition to the significant catastrophe losses during the third quarter 2021, our personal auto incurred accident frequency was up 10% for the third quarter 2021, as compared to the prior year, and severity was up 12%.",Collision is a significant driver of the increased severity we experienced during the current quarter as the continued increase in the valuation of used vehicles is increasing our total loss and repai,"Total personal auto incurred severity  on a calendar-year basis increased about 12% and 8% during the third quarter and the first nine months of 2021, respectively, compared to the same periods in 2020, and 10% and 9%, compared to the same periods in 2019."
2022-05-02,10-Q,2.0,,16.0,"Our personal auto incurred frequency, on a year-over-year basis, increased about 2% for the first quarter 2022, compared to the same period last year.",,"Total personal auto incurred severity  on a calendar-year basis increased about 16% for the first quarter, compared to the same period last year."
2022-08-02,10-Q,-8.0,-10.0,16.0,"Our personal auto incurred frequency, on a year-over-year basis, decreased about 8% and 4% for the second quarter and first six months of 2022, respectively, compared to the same periods last year.","Collision and auto property damage decreased about 10% and 8%, respectively, for the second quarter and 5% and 3% for the first six months of 2022.","Total personal auto incurred severity  on a calendar-year basis increased about 16% during the second quarter and first six months of 2022, compared to the same periods last year."
2022-11-01,10-Q,-9.0,-14.0,13.0,"40 Our personal auto incurred frequency, on a year-over-year basis, decreased about 9% and 6% for the third quarter and first nine months of 2022, respectively, compared to the same periods last year.","Collision and bodily injury decreased about 14% and 4%, respectively, for the third quarter and 8% and 5% for the first nine months of 2022.","Total personal auto incurred severity  on a calendar-year basis increased about 13% and 15% during the third quarter and first nine months of 2022, respectively, compared to the same periods last year."
2023-05-02,10-Q,0.0,-6.0,10.0,"TABLE: personal auto incurred frequency, on a calendar-year basis, over the prior-year period, was as follows:  Growth Over Prior Year Quarter  Coverage Type 2023  Bodily injury 7 %  Collision (6)  Personal injury protection 5  Property damage 2  Total 0",,"personal auto incurred severity was up about 10%, while accident frequency was relatively flat on a year-over-year basis."
2023-08-01,10-Q,2.0,,12.0,"Our personal auto incurred frequency, on a calendar-year basis, over the prior-year periods, was as follows:  Growth Over Prior Year   Quarter Year-to-date  Coverage Type 2023 2023  Bodily injury 6 % 6 %  Collision (3) (4)  Personal injury protection 9 7  Property damage 1 2  Total 1 0  On a trailin",,personal auto incurred severity was up about 12% and accident frequency was up about 1% on a year-over-year basis.
2023-10-31,10-Q,4.0,,,"Our personal auto incurred frequency, on a calendar-year basis, over the prior-year periods, was as follows:  Growth Over Prior Year   Quarter Year-to-date  Coverage Type 2023 2023  Bodily injury 0 % 4 %  Collision (5) (5)  Personal injury protection 2 5  Property damage 1 2  Total (1) 0  On a trail",,"Total personal auto incurred severity  on a calendar-year basis, over the prior-year periods was as follows:  Growth Over Prior Year   Quarter Year-to-date  Coverage Type 2023 2023  Bodily injury 8 % 10 %  Collision 5 6  Personal injury protection 0 3  Property damage 5 10  Total 5 9  The year-over-"
2024-05-06,10-Q,-9.0,-11.0,,"TABLE: personal auto incurred frequency, on a calendar-year basis, over the prior-year period, was as follows: Growth Over Prior Year  Quarter  Coverage Type 2024  Bodily injury (8) %  Collision (11)  Personal injury protection (9)  Property damage (8)  Total (9)",,"Total personal auto incurred severity  on a calendar-year basis, over the prior-year period, was as follows: Growth Over Prior Year  Quarter  Coverage Type 2024  Bodily injury 6 %  Collision (1)  Personal injury protection 6  Property damage 2  Total 3  To address inherent seasonality trends and les"
2024-08-05,10-Q,-8.0,,12.0,"In addition to rate increases, on a year-over-year basis for the second quarter, our incurred personal auto accident frequency decreased 8% and severity was relatively flat, which is an indication that severity trends are stabilizing.",,"personal auto incurred severity was up 12% and 11%, respectively."
2024-11-04,10-Q,-5.0,-7.0,5.0,"TABLE: personal auto incurred frequency, on a calendar-year basis, over the prior-year period, was as follows: Quarter Year-to-date  Coverage Type 2024 2024  Bodily injury (1) % (5) %  Collision (7) (10)  Personal injury protection (4) (7)  Property damage (4) (6)  Total (5)",,"personal auto incurred severity was up 5% and 9%, respectively."
2025-05-05,10-Q,-3.0,-6.0,,"TABLE: personal auto incurred frequency, on a calendar-year basis, over the prior-year period, was as follows: Quarter  Coverage Type 2025  Bodily injury 1 %  Collision (6)  Personal injury protection (1)  Property damage (1)  Total (3)",,"personal auto incurred severity  over the prior-year period, was as follows: Quarter  Coverage Type 2025  Bodily injury 9 %  Collision 5  Personal injury protection (10)  Property damage 2  Total 5  The year-over-year increase in total severity, in part, reflects the impact of lower salvage and subr"
2025-08-04,10-Q,-4.0,-6.0,,"TABLE: personal auto incurred frequency, on a calendar-year basis, over the prior-year period, was as follows: Quarter Year-to-date  Coverage Type 2025 2025  Bodily injury (1)% 0%  Collision (6) (6)  Personal injury protection (3) (2)  Property damage (3) (2)  Total (4)",,"personal auto incurred severity  over the prior-year period, was as follows: Quarter Year-to-date  Coverage Type 2025 2025  Bodily injury 12% 10%  Collision 1 3  Personal injury protection (3) (6)  Property damage 4 3  Total 6 5  The year-over-year increase in total severity was predominantly driven"
2025-11-03,10-Q,-2.0,-5.0,,"TABLE: personal auto incurred frequency, on a calendar-year basis, over the prior-year period, was as follows: Quarter Year-to-date  Coverage Type 2025 2025  Bodily injury (1)% 0%  Collision (5) (6)  Personal injury protection (3) (3)  Property damage 0 (1)  Total (2)",,"personal auto incurred severity  over the prior-year period, was as follows: Quarter Year-to-date  Coverage Type 2025 2025  Bodily injury 11% 10%  Collision 2 3  Personal injury protection (1) (4)  Property damage 7 4  Total 7 6  The year-over-year increases in total severity was predominantly drive"
2026-05-04,10-Q,0.0,0.0,,"TABLE: personal auto incurred frequency, on a calendar-year basis, over the prior-year period, was as follows: Quarter  Coverage Type 2026  Bodily injury (2)%  Collision 0  Personal injury protection 1  Property damage (1)  Total 0",,"personal auto incurred severity  over the prior-year period, was as follows: Quarter  Coverage Type 2026  Bodily injury 8%  Collision (1)  Personal injury protection (2)  Property damage 1  Total 3  The year-over-year increase in total severity was predominantly driven by bodily injury coverage, due"
2026-08-03,10-Q,-2.0,-3.0,,"TABLE: personal auto incurred frequency, on a calendar-year basis, over the prior-year period, was as follows: Quarter Year-to-date  Coverage Type 2026 2026  Bodily injury (2)% (2)%  Collision (3) (1)  Personal injury protection 0 1  Property damage (3) (2)  Total (2)",,"personal auto incurred severity  over the prior-year period, was as follows: Quarter Year-to-date  Coverage Type 2026 2026  Bodily injury 7% 7%  Collision 1 0  Personal injury protection 5 1  Property damage 3 2  Total 4 4  The year-over-year increase in total severity was predominantly driven by bo"
