month_end,asof,agency_auto,direct_auto,personal_auto,special_lines,property,total_personal_lines,commercial,companywide_total,npw_month_musd,tpl_basis
2023-12,,8335.5,11190.4,19525.9,,,25494.5,,,4875.9,excl_property
2024-01,January 31,8393.3,11350.0,19743.3,,,25727.7,,,,excl_property
2024-02,,8461.9,11541.3,20003.2,,,26022.1,,,,excl_property
2024-03,March 31,8592.9,11855.4,20448.3,,,26524.0,,,7746.0,excl_property
2024-04,April 30,8720.5,12104.9,20825.4,,,26978.1,,,,excl_property
2024-05,May 31,8869.4,12382.7,21252.1,,,27499.5,,,,excl_property
2024-06,June 30,8964.8,12576.8,21541.6,,,27853.4,,,5748.5,excl_property
2024-07,July 31,9127.6,12880.7,22008.3,,,28399.4,,,,excl_property
2024-08,August 31,9278.2,13131.7,22409.9,,,28855.6,,,,excl_property
2024-09,September 30,9415.6,13387.9,22803.5,,,29278.5,,,6570.0,excl_property
2024-10,October 31,9580.9,13653.0,23233.9,,,29738.3,,,6577.8,excl_property
2024-11,November 30,9700.5,13863.6,23564.1,,,30080.5,,,5563.3,excl_property
2024-12,December 31,9778.0,13996.0,23774.0,6520,3517,33811,1141,,5964,incl_property
2025-01,January 31,9882.0,14224.0,24106.0,6540,3535,34181,1146,,6481,incl_property
2025-02,,9950.0,14395.0,24345.0,6568,3556,34469,1151,,6684,incl_property
2025-03,March 31,10146.0,14771.0,24917.0,6637,3576,35130,1162,,9041,incl_property
2025-04,April 30,10246.0,14938.0,25184.0,6705,3590,35479,1174,,6837,incl_property
2025-05,May 31,10341.0,15089.0,25430.0,6787,3601,35818,1184,,6634,incl_property
2025-06,June 30,10423.0,15245.0,25668.0,6850,3608,36126,1189,,6605,incl_property
2025-07,July 31,10510.0,15392.0,25902.0,6915,3622,36439,1194,,7057,incl_property
2025-08,August 31,10575.0,15524.0,26099.0,6955,3639,36693,1197,,7199,incl_property
2025-09,September 30,10630.0,15619.0,26249.0,6980,3651,36880,1198,,7128,incl_property
2025-10,October 31,10720.0,15802.0,26522.0,6996,3660,37178,1201,,7002,incl_property
2025-11,November 30,10713.0,15856.0,26569.0,6992,3657,37218,1196,,6193,incl_property
2025-12,December 31,10787.0,15993.0,26780.0,6998,3650,37428,1191,38619,6313,incl_property
2026-01,January 31,10855.0,16164.0,27019.0,7012,3655,37686,1189,38875,6735,incl_property
2026-02,February 28,10959.0,16383.0,27342.0,7041,3649,38032,1188,39220,6995,incl_property
2026-03,March 31,11056.0,16572.0,27628.0,7101,3640,38369,1196,39565,9911,incl_property
2026-04,April 30,11108.0,16645.0,27753.0,7168,3639,38560,1207,39767,7278,incl_property
2026-05,May 31,11172.0,16715.0,27887.0,7234,3632,38753,1217,39970,7027,incl_property
2026-06,June 30,11211.0,16721.0,27932.0,7297,3631,38860,1226,40086,6772,incl_property
2026-07,July 31,11282.0,16800.0,28082.0,7351,3635,39068,1236,40304,7441,incl_property
