filed,total_rev_m,gross_profit_m,gross_margin_pct,prior_rev_m,prior_gp_m,prior_gm_pct,gm_change_pp,facility_ops_pct_rev,prior_facility_ops_pct_rev
2021-09-08,748.63,357.483,47.75,525.659,250.431,47.64,0.11,,
2021-11-17,810.132,385.03,47.53,592.94,296.769,50.05,-2.52,,
2022-02-16,867.46,403.342,46.5,617.031,307.498,49.84,-3.34,,
2022-05-19,939.941,436.277,46.42,733.91,381.341,51.96,-5.54,,
2022-09-07,883.388,381.572,43.19,748.63,357.483,47.75,-4.56,,
2022-11-17,893.372,369.483,41.36,810.132,385.03,47.53,-6.17,,
2023-02-21,956.724,426.5,44.58,867.46,403.342,46.5,-1.92,,
2023-05-17,1021.831,483.43,47.31,939.941,436.277,46.42,0.89,,
2023-09-14,997.591,457.578,45.87,883.388,381.572,43.19,2.67,,
2023-11-16,1020.416,464.019,45.47,893.372,369.483,41.36,4.12,,
2024-02-22,1020.149,464.152,45.5,956.724,426.5,44.58,0.92,,
2024-05-16,1127.259,525.505,46.62,1021.831,483.43,47.31,-0.69,,
2024-09-04,1068.999,453.576,42.43,997.591,457.578,45.87,-3.44,,
2024-11-21,1146.829,512.105,44.65,1020.416,464.019,45.47,-0.82,39.0,36.05
2025-02-20,1163.316,525.553,45.18,1020.149,464.152,45.5,-0.32,37.76,35.91
2025-05-22,1211.716,552.267,45.58,1127.259,525.505,46.62,-1.04,36.26,34.71
2025-09-04,1125.097,509.718,45.3,1068.999,453.576,42.43,2.87,,
2025-11-20,1155.03,536.998,46.49,1146.829,512.105,44.65,1.84,36.98,39.0
2026-02-19,1121.674,492.812,43.94,1163.316,525.553,45.18,-1.24,38.11,37.76
2026-05-21,1237.066,572.599,46.29,1211.716,552.267,45.58,0.71,36.4,36.26
