fiscal_q,call_date,us_inventory_yoy,us_ins_units_yoy,us_ins_units_exCAT_yoy,us_ins_asp_yoy,global_asp_yoy,global_ins_units_yoy
FY2022 Q4,2022-09-08,-9.6,,,9.2,8.3,
FY2023 Q1,2022-11-17,-6.3,,,6.4,5.0,
FY2023 Q2,2023-02-21,-3.0,9.0,,1.0,0.0,
FY2023 Q3,2023-05-17,2.0,6.0,,-1.0,-1.0,
FY2023 Q4,2023-09-14,8.0,9.0,,2.0,2.0,
FY2024 Q1,2023-11-16,1.0,9.7,,-1.7,-1.0,
FY2024 Q2,2024-02-22,4.0,0.3,9.2,-5.0,-5.0,
FY2024 Q3,2024-05-16,3.0,6.8,,-2.0,-3.0,
FY2024 Q4,2024-09-04,6.0,6.0,,-4.0,-5.0,
FY2025 Q1,2024-11-21,5.0,12.0,9.0,-1.0,-1.0,
FY2025 Q2,2025-02-20,-4.0,9.0,2.0,2.0,2.0,
FY2025 Q3,2025-05-22,-11.0,-1.0,-2.0,2.0,3.0,
FY2025 Q4,2025-09-04,-14.8,-2.1,,5.7,5.6,-1.9
FY2026 Q1,2025-11-20,-17.0,-9.5,-7.3,8.4,8.5,
FY2026 Q2,2026-02-19,-8.1,-10.7,-4.8,6.0,6.0,-8.0
FY2026 Q3,2026-05-21,-4.7,-4.2,-3.1,4.1,4.6,-2.7
