snapshot,yards,dated_sale_events,events_per_yard,states
20220802,202,370,1.832,52
20220901,201,369,1.836,52
20221101,204,370,1.814,52
20221205,204,371,1.819,52
20230102,204,380,1.863,52
20230306,205,381,1.859,53
20230601,209,375,1.794,53
20230701,210,391,1.862,53
20230805,211,383,1.815,53
20231102,214,388,1.813,54
20231201,214,389,1.818,54
20240204,216,394,1.824,54
20240306,215,394,1.833,54
20240401,215,400,1.86,54
20240601,216,402,1.861,54
20240801,217,380,1.751,54
20241003,216,380,1.759,54
20241102,215,383,1.781,54
20250104,218,395,1.812,54
20250601,217,378,1.742,54
20250801,217,373,1.719,54
20250901,218,383,1.757,54
20251101,220,379,1.723,54
20251227,219,409,1.868,54
20260101,219,383,1.749,54
