year,body,births_thousands,existing_car_total_thousands,existing_lt_total_thousands,mix_source_model_year,mix_status,total_status,mapping_status
1970,Car,8321.0,8321.0,1457.0,,Inherited fixed subtype assumption; no EPA year,Existing sales input,"Candidate only: preserve existing car/LT totals; EPA non-sedan subtype shares are a transfer proxy, not observed category sales"
1970,SUV,1054.7132743362833,8321.0,1457.0,,Inherited fixed subtype assumption; no EPA year,Existing sales input,"Candidate only: preserve existing car/LT totals; EPA non-sedan subtype shares are a transfer proxy, not observed category sales"
1970,Pickup,281.0849557522124,8321.0,1457.0,,Inherited fixed subtype assumption; no EPA year,Existing sales input,"Candidate only: preserve existing car/LT totals; EPA non-sedan subtype shares are a transfer proxy, not observed category sales"
1970,Van,121.20176991150444,8321.0,1457.0,,Inherited fixed subtype assumption; no EPA year,Existing sales input,"Candidate only: preserve existing car/LT totals; EPA non-sedan subtype shares are a transfer proxy, not observed category sales"
1971,Car,10144.0,10144.0,1673.0,,Inherited fixed subtype assumption; no EPA year,Existing sales input,"Candidate only: preserve existing car/LT totals; EPA non-sedan subtype shares are a transfer proxy, not observed category sales"
1971,SUV,1211.0743362831859,10144.0,1673.0,,Inherited fixed subtype assumption; no EPA year,Existing sales input,"Candidate only: preserve existing car/LT totals; EPA non-sedan subtype shares are a transfer proxy, not observed category sales"
1971,Pickup,322.7557522123894,10144.0,1673.0,,Inherited fixed subtype assumption; no EPA year,Existing sales input,"Candidate only: preserve existing car/LT totals; EPA non-sedan subtype shares are a transfer proxy, not observed category sales"
1971,Van,139.1699115044248,10144.0,1673.0,,Inherited fixed subtype assumption; no EPA year,Existing sales input,"Candidate only: preserve existing car/LT totals; EPA non-sedan subtype shares are a transfer proxy, not observed category sales"
1972,Car,10800.6,10800.6,2097.0,,Inherited fixed subtype assumption; no EPA year,Existing sales input,"Candidate only: preserve existing car/LT totals; EPA non-sedan subtype shares are a transfer proxy, not observed category sales"
1972,SUV,1518.0053097345135,10800.6,2097.0,,Inherited fixed subtype assumption; no EPA year,Existing sales input,"Candidate only: preserve existing car/LT totals; EPA non-sedan subtype shares are a transfer proxy, not observed category sales"
1972,Pickup,404.55398230088497,10800.6,2097.0,,Inherited fixed subtype assumption; no EPA year,Existing sales input,"Candidate only: preserve existing car/LT totals; EPA non-sedan subtype shares are a transfer proxy, not observed category sales"
1972,Van,174.44070796460178,10800.6,2097.0,,Inherited fixed subtype assumption; no EPA year,Existing sales input,"Candidate only: preserve existing car/LT totals; EPA non-sedan subtype shares are a transfer proxy, not observed category sales"
1973,Car,11276.0,11276.0,2512.0,,Inherited fixed subtype assumption; no EPA year,Existing sales input,"Candidate only: preserve existing car/LT totals; EPA non-sedan subtype shares are a transfer proxy, not observed category sales"
1973,SUV,1818.4212389380532,11276.0,2512.0,,Inherited fixed subtype assumption; no EPA year,Existing sales input,"Candidate only: preserve existing car/LT totals; EPA non-sedan subtype shares are a transfer proxy, not observed category sales"
1973,Pickup,484.61592920353985,11276.0,2512.0,,Inherited fixed subtype assumption; no EPA year,Existing sales input,"Candidate only: preserve existing car/LT totals; EPA non-sedan subtype shares are a transfer proxy, not observed category sales"
1973,Van,208.9628318584071,11276.0,2512.0,,Inherited fixed subtype assumption; no EPA year,Existing sales input,"Candidate only: preserve existing car/LT totals; EPA non-sedan subtype shares are a transfer proxy, not observed category sales"
1974,Car,8720.3,8720.3,2163.0,,Inherited fixed subtype assumption; no EPA year,Existing sales input,"Candidate only: preserve existing car/LT totals; EPA non-sedan subtype shares are a transfer proxy, not observed category sales"
1974,SUV,1565.782300884956,8720.3,2163.0,,Inherited fixed subtype assumption; no EPA year,Existing sales input,"Candidate only: preserve existing car/LT totals; EPA non-sedan subtype shares are a transfer proxy, not observed category sales"
1974,Pickup,417.2867256637168,8720.3,2163.0,,Inherited fixed subtype assumption; no EPA year,Existing sales input,"Candidate only: preserve existing car/LT totals; EPA non-sedan subtype shares are a transfer proxy, not observed category sales"
1974,Van,179.93097345132747,8720.3,2163.0,,Inherited fixed subtype assumption; no EPA year,Existing sales input,"Candidate only: preserve existing car/LT totals; EPA non-sedan subtype shares are a transfer proxy, not observed category sales"
1975,Car,8485.8,8485.8,2053.0,1975,Same-numbered MY mix transferred to CY sales (proxy),Existing sales input,"Candidate only: preserve existing car/LT totals; EPA non-sedan subtype shares are a transfer proxy, not observed category sales"
1975,SUV,193.64456610103215,8485.8,2053.0,1975,Same-numbered MY mix transferred to CY sales (proxy),Existing sales input,"Candidate only: preserve existing car/LT totals; EPA non-sedan subtype shares are a transfer proxy, not observed category sales"
1975,Pickup,1387.1804336417056,8485.8,2053.0,1975,Same-numbered MY mix transferred to CY sales (proxy),Existing sales input,"Candidate only: preserve existing car/LT totals; EPA non-sedan subtype shares are a transfer proxy, not observed category sales"
1975,Van,472.1750002572626,8485.8,2053.0,1975,Same-numbered MY mix transferred to CY sales (proxy),Existing sales input,"Candidate only: preserve existing car/LT totals; EPA non-sedan subtype shares are a transfer proxy, not observed category sales"
1976,Car,9956.8,9956.8,2719.0,1976,Same-numbered MY mix transferred to CY sales (proxy),Existing sales input,"Candidate only: preserve existing car/LT totals; EPA non-sedan subtype shares are a transfer proxy, not observed category sales"
1976,SUV,253.4745891575368,9956.8,2719.0,1976,Same-numbered MY mix transferred to CY sales (proxy),Existing sales input,"Candidate only: preserve existing car/LT totals; EPA non-sedan subtype shares are a transfer proxy, not observed category sales"
1976,Pickup,1942.7316632036266,9956.8,2719.0,1976,Same-numbered MY mix transferred to CY sales (proxy),Existing sales input,"Candidate only: preserve existing car/LT totals; EPA non-sedan subtype shares are a transfer proxy, not observed category sales"
1976,Van,522.7937476388364,9956.8,2719.0,1976,Same-numbered MY mix transferred to CY sales (proxy),Existing sales input,"Candidate only: preserve existing car/LT totals; EPA non-sedan subtype shares are a transfer proxy, not observed category sales"
1977,Car,11003.6,11003.6,3109.0,1977,Same-numbered MY mix transferred to CY sales (proxy),Existing sales input,"Candidate only: preserve existing car/LT totals; EPA non-sedan subtype shares are a transfer proxy, not observed category sales"
1977,SUV,311.7009078858515,11003.6,3109.0,1977,Same-numbered MY mix transferred to CY sales (proxy),Existing sales input,"Candidate only: preserve existing car/LT totals; EPA non-sedan subtype shares are a transfer proxy, not observed category sales"
1977,Pickup,2230.878373308656,11003.6,3109.0,1977,Same-numbered MY mix transferred to CY sales (proxy),Existing sales input,"Candidate only: preserve existing car/LT totals; EPA non-sedan subtype shares are a transfer proxy, not observed category sales"
1977,Van,566.4207188054924,11003.6,3109.0,1977,Same-numbered MY mix transferred to CY sales (proxy),Existing sales input,"Candidate only: preserve existing car/LT totals; EPA non-sedan subtype shares are a transfer proxy, not observed category sales"
1978,Car,11107.0,11107.0,3474.0,1978,Same-numbered MY mix transferred to CY sales (proxy),Existing sales input,"Candidate only: preserve existing car/LT totals; EPA non-sedan subtype shares are a transfer proxy, not observed category sales"
1978,SUV,403.7084854397218,11107.0,3474.0,1978,Same-numbered MY mix transferred to CY sales (proxy),Existing sales input,"Candidate only: preserve existing car/LT totals; EPA non-sedan subtype shares are a transfer proxy, not observed category sales"
1978,Pickup,2406.7012505462585,11107.0,3474.0,1978,Same-numbered MY mix transferred to CY sales (proxy),Existing sales input,"Candidate only: preserve existing car/LT totals; EPA non-sedan subtype shares are a transfer proxy, not observed category sales"
1978,Van,663.5902640140196,11107.0,3474.0,1978,Same-numbered MY mix transferred to CY sales (proxy),Existing sales input,"Candidate only: preserve existing car/LT totals; EPA non-sedan subtype shares are a transfer proxy, not observed category sales"
1979,Car,10512.0,10512.0,2845.0,1979,Same-numbered MY mix transferred to CY sales (proxy),Existing sales input,"Candidate only: preserve existing car/LT totals; EPA non-sedan subtype shares are a transfer proxy, not observed category sales"
1979,SUV,368.9983276614683,10512.0,2845.0,1979,Same-numbered MY mix transferred to CY sales (proxy),Existing sales input,"Candidate only: preserve existing car/LT totals; EPA non-sedan subtype shares are a transfer proxy, not observed category sales"
1979,Pickup,2033.2829758634796,10512.0,2845.0,1979,Same-numbered MY mix transferred to CY sales (proxy),Existing sales input,"Candidate only: preserve existing car/LT totals; EPA non-sedan subtype shares are a transfer proxy, not observed category sales"
1979,Van,442.718696475052,10512.0,2845.0,1979,Same-numbered MY mix transferred to CY sales (proxy),Existing sales input,"Candidate only: preserve existing car/LT totals; EPA non-sedan subtype shares are a transfer proxy, not observed category sales"
1980,Car,8948.8,8948.8,1960.0,1980,Same-numbered MY mix transferred to CY sales (proxy),Existing sales input,"Candidate only: preserve existing car/LT totals; EPA non-sedan subtype shares are a transfer proxy, not observed category sales"
1980,SUV,194.2300549830681,8948.8,1960.0,1980,Same-numbered MY mix transferred to CY sales (proxy),Existing sales input,"Candidate only: preserve existing car/LT totals; EPA non-sedan subtype shares are a transfer proxy, not observed category sales"
1980,Pickup,1511.542560293243,8948.8,1960.0,1980,Same-numbered MY mix transferred to CY sales (proxy),Existing sales input,"Candidate only: preserve existing car/LT totals; EPA non-sedan subtype shares are a transfer proxy, not observed category sales"
1980,Van,254.2273847236888,8948.8,1960.0,1980,Same-numbered MY mix transferred to CY sales (proxy),Existing sales input,"Candidate only: preserve existing car/LT totals; EPA non-sedan subtype shares are a transfer proxy, not observed category sales"
1981,Car,8488.4,8488.4,1746.0,1981,Same-numbered MY mix transferred to CY sales (proxy),Existing sales input,"Candidate only: preserve existing car/LT totals; EPA non-sedan subtype shares are a transfer proxy, not observed category sales"
1981,SUV,130.47811494652638,8488.4,1746.0,1981,Same-numbered MY mix transferred to CY sales (proxy),Existing sales input,"Candidate only: preserve existing car/LT totals; EPA non-sedan subtype shares are a transfer proxy, not observed category sales"
1981,Pickup,1380.6774715242154,8488.4,1746.0,1981,Same-numbered MY mix transferred to CY sales (proxy),Existing sales input,"Candidate only: preserve existing car/LT totals; EPA non-sedan subtype shares are a transfer proxy, not observed category sales"
1981,Van,234.8444135292583,8488.4,1746.0,1981,Same-numbered MY mix transferred to CY sales (proxy),Existing sales input,"Candidate only: preserve existing car/LT totals; EPA non-sedan subtype shares are a transfer proxy, not observed category sales"
1982,Car,7956.5,7956.5,2063.0,1982,Same-numbered MY mix transferred to CY sales (proxy),Existing sales input,"Candidate only: preserve existing car/LT totals; EPA non-sedan subtype shares are a transfer proxy, not observed category sales"
1982,SUV,174.95250640843062,7956.5,2063.0,1982,Same-numbered MY mix transferred to CY sales (proxy),Existing sales input,"Candidate only: preserve existing car/LT totals; EPA non-sedan subtype shares are a transfer proxy, not observed category sales"
1982,Pickup,1553.2936993937421,7956.5,2063.0,1982,Same-numbered MY mix transferred to CY sales (proxy),Existing sales input,"Candidate only: preserve existing car/LT totals; EPA non-sedan subtype shares are a transfer proxy, not observed category sales"
1982,Van,334.75379419782723,7956.5,2063.0,1982,Same-numbered MY mix transferred to CY sales (proxy),Existing sales input,"Candidate only: preserve existing car/LT totals; EPA non-sedan subtype shares are a transfer proxy, not observed category sales"
1983,Car,9148.0,9148.0,2521.0,1983,Same-numbered MY mix transferred to CY sales (proxy),Existing sales input,"Candidate only: preserve existing car/LT totals; EPA non-sedan subtype shares are a transfer proxy, not observed category sales"
1983,SUV,317.11771133762073,9148.0,2521.0,1983,Same-numbered MY mix transferred to CY sales (proxy),Existing sales input,"Candidate only: preserve existing car/LT totals; EPA non-sedan subtype shares are a transfer proxy, not observed category sales"
1983,Pickup,1784.5548564211883,9148.0,2521.0,1983,Same-numbered MY mix transferred to CY sales (proxy),Existing sales input,"Candidate only: preserve existing car/LT totals; EPA non-sedan subtype shares are a transfer proxy, not observed category sales"
1983,Van,419.3274322411909,9148.0,2521.0,1983,Same-numbered MY mix transferred to CY sales (proxy),Existing sales input,"Candidate only: preserve existing car/LT totals; EPA non-sedan subtype shares are a transfer proxy, not observed category sales"
1984,Car,10323.7,10323.7,3255.0,1984,Same-numbered MY mix transferred to CY sales (proxy),Existing sales input,"Candidate only: preserve existing car/LT totals; EPA non-sedan subtype shares are a transfer proxy, not observed category sales"
1984,SUV,608.1635843868414,10323.7,3255.0,1984,Same-numbered MY mix transferred to CY sales (proxy),Existing sales input,"Candidate only: preserve existing car/LT totals; EPA non-sedan subtype shares are a transfer proxy, not observed category sales"
1984,Pickup,1988.7361255491098,10323.7,3255.0,1984,Same-numbered MY mix transferred to CY sales (proxy),Existing sales input,"Candidate only: preserve existing car/LT totals; EPA non-sedan subtype shares are a transfer proxy, not observed category sales"
1984,Van,658.1002900640487,10323.7,3255.0,1984,Same-numbered MY mix transferred to CY sales (proxy),Existing sales input,"Candidate only: preserve existing car/LT totals; EPA non-sedan subtype shares are a transfer proxy, not observed category sales"
1985,Car,10979.2,10979.2,3688.0,1985,Same-numbered MY mix transferred to CY sales (proxy),Existing sales input,"Candidate only: preserve existing car/LT totals; EPA non-sedan subtype shares are a transfer proxy, not observed category sales"
1985,SUV,739.4023923539266,10979.2,3688.0,1985,Same-numbered MY mix transferred to CY sales (proxy),Existing sales input,"Candidate only: preserve existing car/LT totals; EPA non-sedan subtype shares are a transfer proxy, not observed category sales"
1985,Pickup,2088.696565178835,10979.2,3688.0,1985,Same-numbered MY mix transferred to CY sales (proxy),Existing sales input,"Candidate only: preserve existing car/LT totals; EPA non-sedan subtype shares are a transfer proxy, not observed category sales"
1985,Van,859.9010424672383,10979.2,3688.0,1985,Same-numbered MY mix transferred to CY sales (proxy),Existing sales input,"Candidate only: preserve existing car/LT totals; EPA non-sedan subtype shares are a transfer proxy, not observed category sales"
1986,Car,11404.1,11404.1,4594.0,1986,Same-numbered MY mix transferred to CY sales (proxy),Existing sales input,"Candidate only: preserve existing car/LT totals; EPA non-sedan subtype shares are a transfer proxy, not observed category sales"
1986,SUV,816.9555758050959,11404.1,4594.0,1986,Same-numbered MY mix transferred to CY sales (proxy),Existing sales input,"Candidate only: preserve existing car/LT totals; EPA non-sedan subtype shares are a transfer proxy, not observed category sales"
1986,Pickup,2674.0813819604855,11404.1,4594.0,1986,Same-numbered MY mix transferred to CY sales (proxy),Existing sales input,"Candidate only: preserve existing car/LT totals; EPA non-sedan subtype shares are a transfer proxy, not observed category sales"
1986,Van,1102.963042234419,11404.1,4594.0,1986,Same-numbered MY mix transferred to CY sales (proxy),Existing sales input,"Candidate only: preserve existing car/LT totals; EPA non-sedan subtype shares are a transfer proxy, not observed category sales"
1987,Car,10187.5,10187.5,4610.0,1987,Same-numbered MY mix transferred to CY sales (proxy),Existing sales input,"Candidate only: preserve existing car/LT totals; EPA non-sedan subtype shares are a transfer proxy, not observed category sales"
1987,SUV,973.9263843390521,10187.5,4610.0,1987,Same-numbered MY mix transferred to CY sales (proxy),Existing sales input,"Candidate only: preserve existing car/LT totals; EPA non-sedan subtype shares are a transfer proxy, not observed category sales"
1987,Pickup,2393.7625542534333,10187.5,4610.0,1987,Same-numbered MY mix transferred to CY sales (proxy),Existing sales input,"Candidate only: preserve existing car/LT totals; EPA non-sedan subtype shares are a transfer proxy, not observed category sales"
1987,Van,1242.3110614075147,10187.5,4610.0,1987,Same-numbered MY mix transferred to CY sales (proxy),Existing sales input,"Candidate only: preserve existing car/LT totals; EPA non-sedan subtype shares are a transfer proxy, not observed category sales"
1988,Car,10543.6,10543.6,4800.0,1988,Same-numbered MY mix transferred to CY sales (proxy),Existing sales input,"Candidate only: preserve existing car/LT totals; EPA non-sedan subtype shares are a transfer proxy, not observed category sales"
1988,SUV,1018.9225365578737,10543.6,4800.0,1988,Same-numbered MY mix transferred to CY sales (proxy),Existing sales input,"Candidate only: preserve existing car/LT totals; EPA non-sedan subtype shares are a transfer proxy, not observed category sales"
1988,Pickup,2588.408159979067,10543.6,4800.0,1988,Same-numbered MY mix transferred to CY sales (proxy),Existing sales input,"Candidate only: preserve existing car/LT totals; EPA non-sedan subtype shares are a transfer proxy, not observed category sales"
1988,Van,1192.6693034630596,10543.6,4800.0,1988,Same-numbered MY mix transferred to CY sales (proxy),Existing sales input,"Candidate only: preserve existing car/LT totals; EPA non-sedan subtype shares are a transfer proxy, not observed category sales"
1989,Car,9775.9,9775.9,4610.0,1989,Same-numbered MY mix transferred to CY sales (proxy),Existing sales input,"Candidate only: preserve existing car/LT totals; EPA non-sedan subtype shares are a transfer proxy, not observed category sales"
1989,SUV,962.4485592684564,9775.9,4610.0,1989,Same-numbered MY mix transferred to CY sales (proxy),Existing sales input,"Candidate only: preserve existing car/LT totals; EPA non-sedan subtype shares are a transfer proxy, not observed category sales"
1989,Pickup,2319.527468731466,9775.9,4610.0,1989,Same-numbered MY mix transferred to CY sales (proxy),Existing sales input,"Candidate only: preserve existing car/LT totals; EPA non-sedan subtype shares are a transfer proxy, not observed category sales"
1989,Van,1328.0239720000784,9775.9,4610.0,1989,Same-numbered MY mix transferred to CY sales (proxy),Existing sales input,"Candidate only: preserve existing car/LT totals; EPA non-sedan subtype shares are a transfer proxy, not observed category sales"
1990,Car,9301.2,9301.2,4548.0,1990,Same-numbered MY mix transferred to CY sales (proxy),Existing sales input,"Candidate only: preserve existing car/LT totals; EPA non-sedan subtype shares are a transfer proxy, not observed category sales"
1990,SUV,846.5192743764172,9301.2,4548.0,1990,Same-numbered MY mix transferred to CY sales (proxy),Existing sales input,"Candidate only: preserve existing car/LT totals; EPA non-sedan subtype shares are a transfer proxy, not observed category sales"
1990,Pickup,2192.6726339658667,9301.2,4548.0,1990,Same-numbered MY mix transferred to CY sales (proxy),Existing sales input,"Candidate only: preserve existing car/LT totals; EPA non-sedan subtype shares are a transfer proxy, not observed category sales"
1990,Van,1508.8080916577155,9301.2,4548.0,1990,Same-numbered MY mix transferred to CY sales (proxy),Existing sales input,"Candidate only: preserve existing car/LT totals; EPA non-sedan subtype shares are a transfer proxy, not observed category sales"
1991,Car,8185.0,8185.0,4122.0,1991,Same-numbered MY mix transferred to CY sales (proxy),Existing sales input,"Candidate only: preserve existing car/LT totals; EPA non-sedan subtype shares are a transfer proxy, not observed category sales"
1991,SUV,1114.8216944015749,8185.0,4122.0,1991,Same-numbered MY mix transferred to CY sales (proxy),Existing sales input,"Candidate only: preserve existing car/LT totals; EPA non-sedan subtype shares are a transfer proxy, not observed category sales"
1991,Pickup,1954.9986926968018,8185.0,4122.0,1991,Same-numbered MY mix transferred to CY sales (proxy),Existing sales input,"Candidate only: preserve existing car/LT totals; EPA non-sedan subtype shares are a transfer proxy, not observed category sales"
1991,Van,1052.1796129016232,8185.0,4122.0,1991,Same-numbered MY mix transferred to CY sales (proxy),Existing sales input,"Candidate only: preserve existing car/LT totals; EPA non-sedan subtype shares are a transfer proxy, not observed category sales"
1992,Car,8213.1,8213.1,4629.0,1992,Same-numbered MY mix transferred to CY sales (proxy),Existing sales input,"Candidate only: preserve existing car/LT totals; EPA non-sedan subtype shares are a transfer proxy, not observed category sales"
1992,SUV,1142.6870751151496,8213.1,4629.0,1992,Same-numbered MY mix transferred to CY sales (proxy),Existing sales input,"Candidate only: preserve existing car/LT totals; EPA non-sedan subtype shares are a transfer proxy, not observed category sales"
1992,Pickup,2095.480818414322,8213.1,4629.0,1992,Same-numbered MY mix transferred to CY sales (proxy),Existing sales input,"Candidate only: preserve existing car/LT totals; EPA non-sedan subtype shares are a transfer proxy, not observed category sales"
1992,Van,1390.8321064705285,8213.1,4629.0,1992,Same-numbered MY mix transferred to CY sales (proxy),Existing sales input,"Candidate only: preserve existing car/LT totals; EPA non-sedan subtype shares are a transfer proxy, not observed category sales"
1993,Car,8517.9,8517.9,5351.0,1993,Same-numbered MY mix transferred to CY sales (proxy),Existing sales input,"Candidate only: preserve existing car/LT totals; EPA non-sedan subtype shares are a transfer proxy, not observed category sales"
1993,SUV,1475.2504098611196,8517.9,5351.0,1993,Same-numbered MY mix transferred to CY sales (proxy),Existing sales input,"Candidate only: preserve existing car/LT totals; EPA non-sedan subtype shares are a transfer proxy, not observed category sales"
1993,Pickup,2253.51982894203,8517.9,5351.0,1993,Same-numbered MY mix transferred to CY sales (proxy),Existing sales input,"Candidate only: preserve existing car/LT totals; EPA non-sedan subtype shares are a transfer proxy, not observed category sales"
1993,Van,1622.22976119685,8517.9,5351.0,1993,Same-numbered MY mix transferred to CY sales (proxy),Existing sales input,"Candidate only: preserve existing car/LT totals; EPA non-sedan subtype shares are a transfer proxy, not observed category sales"
1994,Car,8990.5,8990.5,6033.0,1994,Same-numbered MY mix transferred to CY sales (proxy),Existing sales input,"Candidate only: preserve existing car/LT totals; EPA non-sedan subtype shares are a transfer proxy, not observed category sales"
1994,SUV,1714.9732545713612,8990.5,6033.0,1994,Same-numbered MY mix transferred to CY sales (proxy),Existing sales input,"Candidate only: preserve existing car/LT totals; EPA non-sedan subtype shares are a transfer proxy, not observed category sales"
1994,Pickup,2820.0144116599386,8990.5,6033.0,1994,Same-numbered MY mix transferred to CY sales (proxy),Existing sales input,"Candidate only: preserve existing car/LT totals; EPA non-sedan subtype shares are a transfer proxy, not observed category sales"
1994,Van,1498.0123337687012,8990.5,6033.0,1994,Same-numbered MY mix transferred to CY sales (proxy),Existing sales input,"Candidate only: preserve existing car/LT totals; EPA non-sedan subtype shares are a transfer proxy, not observed category sales"
1995,Car,8620.2,8620.2,6053.0,1995,Same-numbered MY mix transferred to CY sales (proxy),Existing sales input,"Candidate only: preserve existing car/LT totals; EPA non-sedan subtype shares are a transfer proxy, not observed category sales"
1995,SUV,1912.4010300044783,8620.2,6053.0,1995,Same-numbered MY mix transferred to CY sales (proxy),Existing sales input,"Candidate only: preserve existing car/LT totals; EPA non-sedan subtype shares are a transfer proxy, not observed category sales"
1995,Pickup,2391.0155238270854,8620.2,6053.0,1995,Same-numbered MY mix transferred to CY sales (proxy),Existing sales input,"Candidate only: preserve existing car/LT totals; EPA non-sedan subtype shares are a transfer proxy, not observed category sales"
1995,Van,1749.583446168436,8620.2,6053.0,1995,Same-numbered MY mix transferred to CY sales (proxy),Existing sales input,"Candidate only: preserve existing car/LT totals; EPA non-sedan subtype shares are a transfer proxy, not observed category sales"
1996,Car,8478.5,8478.5,6519.0,1996,Same-numbered MY mix transferred to CY sales (proxy),Existing sales input,"Candidate only: preserve existing car/LT totals; EPA non-sedan subtype shares are a transfer proxy, not observed category sales"
1996,SUV,2344.5078541497282,8478.5,6519.0,1996,Same-numbered MY mix transferred to CY sales (proxy),Existing sales input,"Candidate only: preserve existing car/LT totals; EPA non-sedan subtype shares are a transfer proxy, not observed category sales"
1996,Pickup,2426.0677240602913,8478.5,6519.0,1996,Same-numbered MY mix transferred to CY sales (proxy),Existing sales input,"Candidate only: preserve existing car/LT totals; EPA non-sedan subtype shares are a transfer proxy, not observed category sales"
1996,Van,1748.4244217899804,8478.5,6519.0,1996,Same-numbered MY mix transferred to CY sales (proxy),Existing sales input,"Candidate only: preserve existing car/LT totals; EPA non-sedan subtype shares are a transfer proxy, not observed category sales"
1997,Car,8217.5,8217.5,6797.0,1997,Same-numbered MY mix transferred to CY sales (proxy),Existing sales input,"Candidate only: preserve existing car/LT totals; EPA non-sedan subtype shares are a transfer proxy, not observed category sales"
1997,SUV,2719.5960200320646,8217.5,6797.0,1997,Same-numbered MY mix transferred to CY sales (proxy),Existing sales input,"Candidate only: preserve existing car/LT totals; EPA non-sedan subtype shares are a transfer proxy, not observed category sales"
1997,Pickup,2672.8137943573047,8217.5,6797.0,1997,Same-numbered MY mix transferred to CY sales (proxy),Existing sales input,"Candidate only: preserve existing car/LT totals; EPA non-sedan subtype shares are a transfer proxy, not observed category sales"
1997,Van,1404.590185610631,8217.5,6797.0,1997,Same-numbered MY mix transferred to CY sales (proxy),Existing sales input,"Candidate only: preserve existing car/LT totals; EPA non-sedan subtype shares are a transfer proxy, not observed category sales"
1998,Car,8085.0,8085.0,7299.0,1998,Same-numbered MY mix transferred to CY sales (proxy),Existing sales input,"Candidate only: preserve existing car/LT totals; EPA non-sedan subtype shares are a transfer proxy, not observed category sales"
1998,SUV,2905.4151788799304,8085.0,7299.0,1998,Same-numbered MY mix transferred to CY sales (proxy),Existing sales input,"Candidate only: preserve existing car/LT totals; EPA non-sedan subtype shares are a transfer proxy, not observed category sales"
1998,Pickup,2717.7811376357845,8085.0,7299.0,1998,Same-numbered MY mix transferred to CY sales (proxy),Existing sales input,"Candidate only: preserve existing car/LT totals; EPA non-sedan subtype shares are a transfer proxy, not observed category sales"
1998,Van,1675.8036834842856,8085.0,7299.0,1998,Same-numbered MY mix transferred to CY sales (proxy),Existing sales input,"Candidate only: preserve existing car/LT totals; EPA non-sedan subtype shares are a transfer proxy, not observed category sales"
1999,Car,8637.7,8637.7,8073.0,1999,Same-numbered MY mix transferred to CY sales (proxy),Existing sales input,"Candidate only: preserve existing car/LT totals; EPA non-sedan subtype shares are a transfer proxy, not observed category sales"
1999,SUV,3341.8604634087737,8637.7,8073.0,1999,Same-numbered MY mix transferred to CY sales (proxy),Existing sales input,"Candidate only: preserve existing car/LT totals; EPA non-sedan subtype shares are a transfer proxy, not observed category sales"
1999,Pickup,3003.871888433025,8637.7,8073.0,1999,Same-numbered MY mix transferred to CY sales (proxy),Existing sales input,"Candidate only: preserve existing car/LT totals; EPA non-sedan subtype shares are a transfer proxy, not observed category sales"
1999,Van,1727.2676481582016,8637.7,8073.0,1999,Same-numbered MY mix transferred to CY sales (proxy),Existing sales input,"Candidate only: preserve existing car/LT totals; EPA non-sedan subtype shares are a transfer proxy, not observed category sales"
2000,Car,8777.7,8777.7,8386.0,2000,Same-numbered MY mix transferred to CY sales (proxy),Existing sales input,"Candidate only: preserve existing car/LT totals; EPA non-sedan subtype shares are a transfer proxy, not observed category sales"
2000,SUV,3539.6050794950775,8777.7,8386.0,2000,Same-numbered MY mix transferred to CY sales (proxy),Existing sales input,"Candidate only: preserve existing car/LT totals; EPA non-sedan subtype shares are a transfer proxy, not observed category sales"
2000,Pickup,2941.919494543059,8777.7,8386.0,2000,Same-numbered MY mix transferred to CY sales (proxy),Existing sales input,"Candidate only: preserve existing car/LT totals; EPA non-sedan subtype shares are a transfer proxy, not observed category sales"
2000,Van,1904.4754259618635,8777.7,8386.0,2000,Same-numbered MY mix transferred to CY sales (proxy),Existing sales input,"Candidate only: preserve existing car/LT totals; EPA non-sedan subtype shares are a transfer proxy, not observed category sales"
2001,Car,8352.0,8352.0,8598.0,2001,Same-numbered MY mix transferred to CY sales (proxy),Existing sales input,"Candidate only: preserve existing car/LT totals; EPA non-sedan subtype shares are a transfer proxy, not observed category sales"
2001,SUV,4119.038827124374,8352.0,8598.0,2001,Same-numbered MY mix transferred to CY sales (proxy),Existing sales input,"Candidate only: preserve existing car/LT totals; EPA non-sedan subtype shares are a transfer proxy, not observed category sales"
2001,Pickup,3007.4273454261747,8352.0,8598.0,2001,Same-numbered MY mix transferred to CY sales (proxy),Existing sales input,"Candidate only: preserve existing car/LT totals; EPA non-sedan subtype shares are a transfer proxy, not observed category sales"
2001,Van,1471.5338274494507,8352.0,8598.0,2001,Same-numbered MY mix transferred to CY sales (proxy),Existing sales input,"Candidate only: preserve existing car/LT totals; EPA non-sedan subtype shares are a transfer proxy, not observed category sales"
2002,Car,8042.3,8042.3,8633.0,2002,Same-numbered MY mix transferred to CY sales (proxy),Existing sales input,"Candidate only: preserve existing car/LT totals; EPA non-sedan subtype shares are a transfer proxy, not observed category sales"
2002,SUV,4629.75120902962,8042.3,8633.0,2002,Same-numbered MY mix transferred to CY sales (proxy),Existing sales input,"Candidate only: preserve existing car/LT totals; EPA non-sedan subtype shares are a transfer proxy, not observed category sales"
2002,Pickup,2629.7291670533505,8042.3,8633.0,2002,Same-numbered MY mix transferred to CY sales (proxy),Existing sales input,"Candidate only: preserve existing car/LT totals; EPA non-sedan subtype shares are a transfer proxy, not observed category sales"
2002,Van,1373.519623917029,8042.3,8633.0,2002,Same-numbered MY mix transferred to CY sales (proxy),Existing sales input,"Candidate only: preserve existing car/LT totals; EPA non-sedan subtype shares are a transfer proxy, not observed category sales"
2003,Car,7555.6,7555.6,8938.0,2003,Same-numbered MY mix transferred to CY sales (proxy),Existing sales input,"Candidate only: preserve existing car/LT totals; EPA non-sedan subtype shares are a transfer proxy, not observed category sales"
2003,SUV,4719.707116097345,7555.6,8938.0,2003,Same-numbered MY mix transferred to CY sales (proxy),Existing sales input,"Candidate only: preserve existing car/LT totals; EPA non-sedan subtype shares are a transfer proxy, not observed category sales"
2003,Pickup,2815.941753462632,7555.6,8938.0,2003,Same-numbered MY mix transferred to CY sales (proxy),Existing sales input,"Candidate only: preserve existing car/LT totals; EPA non-sedan subtype shares are a transfer proxy, not observed category sales"
2003,Van,1402.3511304400226,7555.6,8938.0,2003,Same-numbered MY mix transferred to CY sales (proxy),Existing sales input,"Candidate only: preserve existing car/LT totals; EPA non-sedan subtype shares are a transfer proxy, not observed category sales"
2004,Car,7482.6,7482.6,9254.0,2004,Same-numbered MY mix transferred to CY sales (proxy),Existing sales input,"Candidate only: preserve existing car/LT totals; EPA non-sedan subtype shares are a transfer proxy, not observed category sales"
2004,SUV,5337.48665819568,7482.6,9254.0,2004,Same-numbered MY mix transferred to CY sales (proxy),Existing sales input,"Candidate only: preserve existing car/LT totals; EPA non-sedan subtype shares are a transfer proxy, not observed category sales"
2004,Pickup,2837.196950444727,7482.6,9254.0,2004,Same-numbered MY mix transferred to CY sales (proxy),Existing sales input,"Candidate only: preserve existing car/LT totals; EPA non-sedan subtype shares are a transfer proxy, not observed category sales"
2004,Van,1079.3163913595934,7482.6,9254.0,2004,Same-numbered MY mix transferred to CY sales (proxy),Existing sales input,"Candidate only: preserve existing car/LT totals; EPA non-sedan subtype shares are a transfer proxy, not observed category sales"
2005,Car,7660.0,7660.0,9114.0,2005,Same-numbered MY mix transferred to CY sales (proxy),Existing sales input,"Candidate only: preserve existing car/LT totals; EPA non-sedan subtype shares are a transfer proxy, not observed category sales"
2005,SUV,4732.681782273038,7660.0,9114.0,2005,Same-numbered MY mix transferred to CY sales (proxy),Existing sales input,"Candidate only: preserve existing car/LT totals; EPA non-sedan subtype shares are a transfer proxy, not observed category sales"
2005,Pickup,2665.453833891312,7660.0,9114.0,2005,Same-numbered MY mix transferred to CY sales (proxy),Existing sales input,"Candidate only: preserve existing car/LT totals; EPA non-sedan subtype shares are a transfer proxy, not observed category sales"
2005,Van,1715.864383835649,7660.0,9114.0,2005,Same-numbered MY mix transferred to CY sales (proxy),Existing sales input,"Candidate only: preserve existing car/LT totals; EPA non-sedan subtype shares are a transfer proxy, not observed category sales"
2006,Car,7761.6,7761.6,8574.0,2006,Same-numbered MY mix transferred to CY sales (proxy),Existing sales input,"Candidate only: preserve existing car/LT totals; EPA non-sedan subtype shares are a transfer proxy, not observed category sales"
2006,SUV,4530.087129024104,7761.6,8574.0,2006,Same-numbered MY mix transferred to CY sales (proxy),Existing sales input,"Candidate only: preserve existing car/LT totals; EPA non-sedan subtype shares are a transfer proxy, not observed category sales"
2006,Pickup,2638.055787893012,7761.6,8574.0,2006,Same-numbered MY mix transferred to CY sales (proxy),Existing sales input,"Candidate only: preserve existing car/LT totals; EPA non-sedan subtype shares are a transfer proxy, not observed category sales"
2006,Van,1405.8570830828835,7761.6,8574.0,2006,Same-numbered MY mix transferred to CY sales (proxy),Existing sales input,"Candidate only: preserve existing car/LT totals; EPA non-sedan subtype shares are a transfer proxy, not observed category sales"
2007,Car,7562.3,7562.3,8305.0,2007,Same-numbered MY mix transferred to CY sales (proxy),Existing sales input,"Candidate only: preserve existing car/LT totals; EPA non-sedan subtype shares are a transfer proxy, not observed category sales"
2007,SUV,4887.411352638027,7562.3,8305.0,2007,Same-numbered MY mix transferred to CY sales (proxy),Existing sales input,"Candidate only: preserve existing car/LT totals; EPA non-sedan subtype shares are a transfer proxy, not observed category sales"
2007,Pickup,2439.5173684914607,7562.3,8305.0,2007,Same-numbered MY mix transferred to CY sales (proxy),Existing sales input,"Candidate only: preserve existing car/LT totals; EPA non-sedan subtype shares are a transfer proxy, not observed category sales"
2007,Van,978.0712788705118,7562.3,8305.0,2007,Same-numbered MY mix transferred to CY sales (proxy),Existing sales input,"Candidate only: preserve existing car/LT totals; EPA non-sedan subtype shares are a transfer proxy, not observed category sales"
2008,Car,6769.1,6769.1,6246.0,2008,Same-numbered MY mix transferred to CY sales (proxy),Existing sales input,"Candidate only: preserve existing car/LT totals; EPA non-sedan subtype shares are a transfer proxy, not observed category sales"
2008,SUV,3793.257516676736,6769.1,6246.0,2008,Same-numbered MY mix transferred to CY sales (proxy),Existing sales input,"Candidate only: preserve existing car/LT totals; EPA non-sedan subtype shares are a transfer proxy, not observed category sales"
2008,Pickup,1702.90161676672,6769.1,6246.0,2008,Same-numbered MY mix transferred to CY sales (proxy),Existing sales input,"Candidate only: preserve existing car/LT totals; EPA non-sedan subtype shares are a transfer proxy, not observed category sales"
2008,Van,749.8408665565446,6769.1,6246.0,2008,Same-numbered MY mix transferred to CY sales (proxy),Existing sales input,"Candidate only: preserve existing car/LT totals; EPA non-sedan subtype shares are a transfer proxy, not observed category sales"
2009,Car,5401.6,5401.6,4834.0,2009,Same-numbered MY mix transferred to CY sales (proxy),Existing sales input,"Candidate only: preserve existing car/LT totals; EPA non-sedan subtype shares are a transfer proxy, not observed category sales"
2009,SUV,3050.5502054497997,5401.6,4834.0,2009,Same-numbered MY mix transferred to CY sales (proxy),Existing sales input,"Candidate only: preserve existing car/LT totals; EPA non-sedan subtype shares are a transfer proxy, not observed category sales"
2009,Pickup,1299.8992625073738,5401.6,4834.0,2009,Same-numbered MY mix transferred to CY sales (proxy),Existing sales input,"Candidate only: preserve existing car/LT totals; EPA non-sedan subtype shares are a transfer proxy, not observed category sales"
2009,Van,483.55053204282666,5401.6,4834.0,2009,Same-numbered MY mix transferred to CY sales (proxy),Existing sales input,"Candidate only: preserve existing car/LT totals; EPA non-sedan subtype shares are a transfer proxy, not observed category sales"
2010,Car,5635.7,5635.7,5758.0,2010,Same-numbered MY mix transferred to CY sales (proxy),Existing sales input,"Candidate only: preserve existing car/LT totals; EPA non-sedan subtype shares are a transfer proxy, not observed category sales"
2010,SUV,3667.6277712669935,5635.7,5758.0,2010,Same-numbered MY mix transferred to CY sales (proxy),Existing sales input,"Candidate only: preserve existing car/LT totals; EPA non-sedan subtype shares are a transfer proxy, not observed category sales"
2010,Pickup,1453.5752911713037,5635.7,5758.0,2010,Same-numbered MY mix transferred to CY sales (proxy),Existing sales input,"Candidate only: preserve existing car/LT totals; EPA non-sedan subtype shares are a transfer proxy, not observed category sales"
2010,Van,636.7969375617029,5635.7,5758.0,2010,Same-numbered MY mix transferred to CY sales (proxy),Existing sales input,"Candidate only: preserve existing car/LT totals; EPA non-sedan subtype shares are a transfer proxy, not observed category sales"
2011,Car,6092.9,6092.9,6449.0,2011,Same-numbered MY mix transferred to CY sales (proxy),Existing sales input,"Candidate only: preserve existing car/LT totals; EPA non-sedan subtype shares are a transfer proxy, not observed category sales"
2011,SUV,4393.928678672927,6092.9,6449.0,2011,Same-numbered MY mix transferred to CY sales (proxy),Existing sales input,"Candidate only: preserve existing car/LT totals; EPA non-sedan subtype shares are a transfer proxy, not observed category sales"
2011,Pickup,1519.7212776632985,6092.9,6449.0,2011,Same-numbered MY mix transferred to CY sales (proxy),Existing sales input,"Candidate only: preserve existing car/LT totals; EPA non-sedan subtype shares are a transfer proxy, not observed category sales"
2011,Van,535.3500436637735,6092.9,6449.0,2011,Same-numbered MY mix transferred to CY sales (proxy),Existing sales input,"Candidate only: preserve existing car/LT totals; EPA non-sedan subtype shares are a transfer proxy, not observed category sales"
2012,Car,7245.2,7245.2,6974.8,2012,Same-numbered MY mix transferred to CY sales (proxy),Existing sales input,"Candidate only: preserve existing car/LT totals; EPA non-sedan subtype shares are a transfer proxy, not observed category sales"
2012,SUV,4649.505221614923,7245.2,6974.8,2012,Same-numbered MY mix transferred to CY sales (proxy),Existing sales input,"Candidate only: preserve existing car/LT totals; EPA non-sedan subtype shares are a transfer proxy, not observed category sales"
2012,Pickup,1562.480487181936,7245.2,6974.8,2012,Same-numbered MY mix transferred to CY sales (proxy),Existing sales input,"Candidate only: preserve existing car/LT totals; EPA non-sedan subtype shares are a transfer proxy, not observed category sales"
2012,Van,762.8142912031414,7245.2,6974.8,2012,Same-numbered MY mix transferred to CY sales (proxy),Existing sales input,"Candidate only: preserve existing car/LT totals; EPA non-sedan subtype shares are a transfer proxy, not observed category sales"
2013,Car,7586.3,7586.3,7692.6,2013,Same-numbered MY mix transferred to CY sales (proxy),Existing sales input,"Candidate only: preserve existing car/LT totals; EPA non-sedan subtype shares are a transfer proxy, not observed category sales"
2013,SUV,5322.4290762919145,7586.3,7692.6,2013,Same-numbered MY mix transferred to CY sales (proxy),Existing sales input,"Candidate only: preserve existing car/LT totals; EPA non-sedan subtype shares are a transfer proxy, not observed category sales"
2013,Pickup,1740.0403694483562,7586.3,7692.6,2013,Same-numbered MY mix transferred to CY sales (proxy),Existing sales input,"Candidate only: preserve existing car/LT totals; EPA non-sedan subtype shares are a transfer proxy, not observed category sales"
2013,Van,630.13055425973,7586.3,7692.6,2013,Same-numbered MY mix transferred to CY sales (proxy),Existing sales input,"Candidate only: preserve existing car/LT totals; EPA non-sedan subtype shares are a transfer proxy, not observed category sales"
2014,Car,7708.0,7708.0,8483.8,2014,Same-numbered MY mix transferred to CY sales (proxy),Existing sales input,"Candidate only: preserve existing car/LT totals; EPA non-sedan subtype shares are a transfer proxy, not observed category sales"
2014,SUV,5681.569022620387,7708.0,8483.8,2014,Same-numbered MY mix transferred to CY sales (proxy),Existing sales input,"Candidate only: preserve existing car/LT totals; EPA non-sedan subtype shares are a transfer proxy, not observed category sales"
2014,Pickup,2078.5143684082977,7708.0,8483.8,2014,Same-numbered MY mix transferred to CY sales (proxy),Existing sales input,"Candidate only: preserve existing car/LT totals; EPA non-sedan subtype shares are a transfer proxy, not observed category sales"
2014,Van,723.7166089713153,7708.0,8483.8,2014,Same-numbered MY mix transferred to CY sales (proxy),Existing sales input,"Candidate only: preserve existing car/LT totals; EPA non-sedan subtype shares are a transfer proxy, not observed category sales"
2015,Car,7528.5,7528.5,9578.4,2015,Same-numbered MY mix transferred to CY sales (proxy),Existing sales input,"Candidate only: preserve existing car/LT totals; EPA non-sedan subtype shares are a transfer proxy, not observed category sales"
2015,SUV,6933.327556266748,7528.5,9578.4,2015,Same-numbered MY mix transferred to CY sales (proxy),Existing sales input,"Candidate only: preserve existing car/LT totals; EPA non-sedan subtype shares are a transfer proxy, not observed category sales"
2015,Pickup,1935.378602255404,7528.5,9578.4,2015,Same-numbered MY mix transferred to CY sales (proxy),Existing sales input,"Candidate only: preserve existing car/LT totals; EPA non-sedan subtype shares are a transfer proxy, not observed category sales"
2015,Van,709.6938414778484,7528.5,9578.4,2015,Same-numbered MY mix transferred to CY sales (proxy),Existing sales input,"Candidate only: preserve existing car/LT totals; EPA non-sedan subtype shares are a transfer proxy, not observed category sales"
2016,Car,6883.3,6883.3,10296.0,2016,Same-numbered MY mix transferred to CY sales (proxy),Existing sales input,"Candidate only: preserve existing car/LT totals; EPA non-sedan subtype shares are a transfer proxy, not observed category sales"
2016,SUV,7440.786091289261,6883.3,10296.0,2016,Same-numbered MY mix transferred to CY sales (proxy),Existing sales input,"Candidate only: preserve existing car/LT totals; EPA non-sedan subtype shares are a transfer proxy, not observed category sales"
2016,Pickup,2146.1558074561794,6883.3,10296.0,2016,Same-numbered MY mix transferred to CY sales (proxy),Existing sales input,"Candidate only: preserve existing car/LT totals; EPA non-sedan subtype shares are a transfer proxy, not observed category sales"
2016,Van,709.05810125456,6883.3,10296.0,2016,Same-numbered MY mix transferred to CY sales (proxy),Existing sales input,"Candidate only: preserve existing car/LT totals; EPA non-sedan subtype shares are a transfer proxy, not observed category sales"
2017,Car,6089.2,6089.2,10738.0,2017,Same-numbered MY mix transferred to CY sales (proxy),Existing sales input,"Candidate only: preserve existing car/LT totals; EPA non-sedan subtype shares are a transfer proxy, not observed category sales"
2017,SUV,7880.883452183555,6089.2,10738.0,2017,Same-numbered MY mix transferred to CY sales (proxy),Existing sales input,"Candidate only: preserve existing car/LT totals; EPA non-sedan subtype shares are a transfer proxy, not observed category sales"
2017,Pickup,2197.399641923441,6089.2,10738.0,2017,Same-numbered MY mix transferred to CY sales (proxy),Existing sales input,"Candidate only: preserve existing car/LT totals; EPA non-sedan subtype shares are a transfer proxy, not observed category sales"
2017,Van,659.7169058930043,6089.2,10738.0,2017,Same-numbered MY mix transferred to CY sales (proxy),Existing sales input,"Candidate only: preserve existing car/LT totals; EPA non-sedan subtype shares are a transfer proxy, not observed category sales"
2018,Car,5310.3,5310.3,11609.2,2018,Same-numbered MY mix transferred to CY sales (proxy),Existing sales input,"Candidate only: preserve existing car/LT totals; EPA non-sedan subtype shares are a transfer proxy, not observed category sales"
2018,SUV,8489.71154891326,5310.3,11609.2,2018,Same-numbered MY mix transferred to CY sales (proxy),Existing sales input,"Candidate only: preserve existing car/LT totals; EPA non-sedan subtype shares are a transfer proxy, not observed category sales"
2018,Pickup,2547.0344482603446,5310.3,11609.2,2018,Same-numbered MY mix transferred to CY sales (proxy),Existing sales input,"Candidate only: preserve existing car/LT totals; EPA non-sedan subtype shares are a transfer proxy, not observed category sales"
2018,Van,572.4540028263976,5310.3,11609.2,2018,Same-numbered MY mix transferred to CY sales (proxy),Existing sales input,"Candidate only: preserve existing car/LT totals; EPA non-sedan subtype shares are a transfer proxy, not observed category sales"
2019,Car,4719.7,4719.7,11910.5,2019,Same-numbered MY mix transferred to CY sales (proxy),Existing sales input,"Candidate only: preserve existing car/LT totals; EPA non-sedan subtype shares are a transfer proxy, not observed category sales"
2019,SUV,8537.21716715363,4719.7,11910.5,2019,Same-numbered MY mix transferred to CY sales (proxy),Existing sales input,"Candidate only: preserve existing car/LT totals; EPA non-sedan subtype shares are a transfer proxy, not observed category sales"
2019,Pickup,2764.710550055136,4719.7,11910.5,2019,Same-numbered MY mix transferred to CY sales (proxy),Existing sales input,"Candidate only: preserve existing car/LT totals; EPA non-sedan subtype shares are a transfer proxy, not observed category sales"
2019,Van,608.5722827912341,4719.7,11910.5,2019,Same-numbered MY mix transferred to CY sales (proxy),Existing sales input,"Candidate only: preserve existing car/LT totals; EPA non-sedan subtype shares are a transfer proxy, not observed category sales"
2020,Car,3401.8,3401.8,10721.2,2020,Same-numbered MY mix transferred to CY sales (proxy),Existing sales input,"Candidate only: preserve existing car/LT totals; EPA non-sedan subtype shares are a transfer proxy, not observed category sales"
2020,SUV,8031.003407382953,3401.8,10721.2,2020,Same-numbered MY mix transferred to CY sales (proxy),Existing sales input,"Candidate only: preserve existing car/LT totals; EPA non-sedan subtype shares are a transfer proxy, not observed category sales"
2020,Pickup,2235.5898189737313,3401.8,10721.2,2020,Same-numbered MY mix transferred to CY sales (proxy),Existing sales input,"Candidate only: preserve existing car/LT totals; EPA non-sedan subtype shares are a transfer proxy, not observed category sales"
2020,Van,454.60677364331667,3401.8,10721.2,2020,Same-numbered MY mix transferred to CY sales (proxy),Existing sales input,"Candidate only: preserve existing car/LT totals; EPA non-sedan subtype shares are a transfer proxy, not observed category sales"
2021,Car,3350.1,3350.1,11220.1,2021,Same-numbered MY mix transferred to CY sales (proxy),Existing sales input,"Candidate only: preserve existing car/LT totals; EPA non-sedan subtype shares are a transfer proxy, not observed category sales"
2021,SUV,8462.557273044124,3350.1,11220.1,2021,Same-numbered MY mix transferred to CY sales (proxy),Existing sales input,"Candidate only: preserve existing car/LT totals; EPA non-sedan subtype shares are a transfer proxy, not observed category sales"
2021,Pickup,2431.7688106827145,3350.1,11220.1,2021,Same-numbered MY mix transferred to CY sales (proxy),Existing sales input,"Candidate only: preserve existing car/LT totals; EPA non-sedan subtype shares are a transfer proxy, not observed category sales"
2021,Van,325.7739162731612,3350.1,11220.1,2021,Same-numbered MY mix transferred to CY sales (proxy),Existing sales input,"Candidate only: preserve existing car/LT totals; EPA non-sedan subtype shares are a transfer proxy, not observed category sales"
2022,Car,2930.7,2930.7,10541.7,2022,Same-numbered MY mix transferred to CY sales (proxy),Existing sales input,"Candidate only: preserve existing car/LT totals; EPA non-sedan subtype shares are a transfer proxy, not observed category sales"
2022,SUV,7775.565933828065,2930.7,10541.7,2022,Same-numbered MY mix transferred to CY sales (proxy),Existing sales input,"Candidate only: preserve existing car/LT totals; EPA non-sedan subtype shares are a transfer proxy, not observed category sales"
2022,Pickup,2348.8093772845905,2930.7,10541.7,2022,Same-numbered MY mix transferred to CY sales (proxy),Existing sales input,"Candidate only: preserve existing car/LT totals; EPA non-sedan subtype shares are a transfer proxy, not observed category sales"
2022,Van,417.32468888734604,2930.7,10541.7,2022,Same-numbered MY mix transferred to CY sales (proxy),Existing sales input,"Candidate only: preserve existing car/LT totals; EPA non-sedan subtype shares are a transfer proxy, not observed category sales"
2023,Car,3184.6,3184.6,11983.4,2023,Same-numbered MY mix transferred to CY sales (proxy),Existing sales input,"Candidate only: preserve existing car/LT totals; EPA non-sedan subtype shares are a transfer proxy, not observed category sales"
2023,SUV,9243.923780416222,3184.6,11983.4,2023,Same-numbered MY mix transferred to CY sales (proxy),Existing sales input,"Candidate only: preserve existing car/LT totals; EPA non-sedan subtype shares are a transfer proxy, not observed category sales"
2023,Pickup,2344.708237193169,3184.6,11983.4,2023,Same-numbered MY mix transferred to CY sales (proxy),Existing sales input,"Candidate only: preserve existing car/LT totals; EPA non-sedan subtype shares are a transfer proxy, not observed category sales"
2023,Van,394.7679823906083,3184.6,11983.4,2023,Same-numbered MY mix transferred to CY sales (proxy),Existing sales input,"Candidate only: preserve existing car/LT totals; EPA non-sedan subtype shares are a transfer proxy, not observed category sales"
2024,Car,3040.5,3040.5,12455.7,2024,Same-numbered MY mix transferred to CY sales (proxy),Existing sales input,"Candidate only: preserve existing car/LT totals; EPA non-sedan subtype shares are a transfer proxy, not observed category sales"
2024,SUV,9830.596612079278,3040.5,12455.7,2024,Same-numbered MY mix transferred to CY sales (proxy),Existing sales input,"Candidate only: preserve existing car/LT totals; EPA non-sedan subtype shares are a transfer proxy, not observed category sales"
2024,Pickup,2296.9511848813154,3040.5,12455.7,2024,Same-numbered MY mix transferred to CY sales (proxy),Existing sales input,"Candidate only: preserve existing car/LT totals; EPA non-sedan subtype shares are a transfer proxy, not observed category sales"
2024,Van,328.15220303940697,3040.5,12455.7,2024,Same-numbered MY mix transferred to CY sales (proxy),Existing sales input,"Candidate only: preserve existing car/LT totals; EPA non-sedan subtype shares are a transfer proxy, not observed category sales"
2025,Car,2764.4,2764.4,13090.5,2024,Hold final MY2024 mix; 2025 table unavailable; assumption,Existing sales input,"Candidate only: preserve existing car/LT totals; EPA non-sedan subtype shares are a transfer proxy, not observed category sales"
2025,SUV,10331.609219106416,2764.4,13090.5,2024,Hold final MY2024 mix; 2025 table unavailable; assumption,Existing sales input,"Candidate only: preserve existing car/LT totals; EPA non-sedan subtype shares are a transfer proxy, not observed category sales"
2025,Pickup,2414.014425980785,2764.4,13090.5,2024,Hold final MY2024 mix; 2025 table unavailable; assumption,Existing sales input,"Candidate only: preserve existing car/LT totals; EPA non-sedan subtype shares are a transfer proxy, not observed category sales"
2025,Van,344.8763549127995,2764.4,13090.5,2024,Hold final MY2024 mix; 2025 table unavailable; assumption,Existing sales input,"Candidate only: preserve existing car/LT totals; EPA non-sedan subtype shares are a transfer proxy, not observed category sales"
2026,Car,2764.4,2764.4,13090.5,2024,Hold final MY2024 mix; 2025 table unavailable; assumption,Hold existing 2025 total; assumption,"Candidate only: preserve existing car/LT totals; EPA non-sedan subtype shares are a transfer proxy, not observed category sales"
2026,SUV,10331.609219106416,2764.4,13090.5,2024,Hold final MY2024 mix; 2025 table unavailable; assumption,Hold existing 2025 total; assumption,"Candidate only: preserve existing car/LT totals; EPA non-sedan subtype shares are a transfer proxy, not observed category sales"
2026,Pickup,2414.014425980785,2764.4,13090.5,2024,Hold final MY2024 mix; 2025 table unavailable; assumption,Hold existing 2025 total; assumption,"Candidate only: preserve existing car/LT totals; EPA non-sedan subtype shares are a transfer proxy, not observed category sales"
2026,Van,344.8763549127995,2764.4,13090.5,2024,Hold final MY2024 mix; 2025 table unavailable; assumption,Hold existing 2025 total; assumption,"Candidate only: preserve existing car/LT totals; EPA non-sedan subtype shares are a transfer proxy, not observed category sales"
2027,Car,2764.4,2764.4,13090.5,2024,Hold final MY2024 mix; 2025 table unavailable; assumption,Hold existing 2025 total; assumption,"Candidate only: preserve existing car/LT totals; EPA non-sedan subtype shares are a transfer proxy, not observed category sales"
2027,SUV,10331.609219106416,2764.4,13090.5,2024,Hold final MY2024 mix; 2025 table unavailable; assumption,Hold existing 2025 total; assumption,"Candidate only: preserve existing car/LT totals; EPA non-sedan subtype shares are a transfer proxy, not observed category sales"
2027,Pickup,2414.014425980785,2764.4,13090.5,2024,Hold final MY2024 mix; 2025 table unavailable; assumption,Hold existing 2025 total; assumption,"Candidate only: preserve existing car/LT totals; EPA non-sedan subtype shares are a transfer proxy, not observed category sales"
2027,Van,344.8763549127995,2764.4,13090.5,2024,Hold final MY2024 mix; 2025 table unavailable; assumption,Hold existing 2025 total; assumption,"Candidate only: preserve existing car/LT totals; EPA non-sedan subtype shares are a transfer proxy, not observed category sales"
