quarter,reported_delivery_cost_increase_musd,assumed_share_linked_to_incremental_completed_jobs,assumed_constant_gross_margin,conditional_revenue_increase_musd,contribution_to_us_service_growth_pp,status
FY26Q3,15,0.5,0,7.5,0.8346084295451384,Conditional US allocation and constant margin; not company revenue disclosure
FY26Q3,15,0.5,0.1,8.333333333333334,0.9273426994945982,Conditional US allocation and constant margin; not company revenue disclosure
FY26Q3,15,0.5,0.2,9.375,1.043260536931423,Conditional US allocation and constant margin; not company revenue disclosure
FY26Q3,15,0.5,0.3,10.714285714285715,1.192297756493055,Conditional US allocation and constant margin; not company revenue disclosure
FY26Q3,15,1,0,15.0,1.6692168590902767,Conditional US allocation and constant margin; not company revenue disclosure
FY26Q3,15,1,0.1,16.666666666666668,1.8546853989891965,Conditional US allocation and constant margin; not company revenue disclosure
FY26Q3,15,1,0.2,18.75,2.086521073862846,Conditional US allocation and constant margin; not company revenue disclosure
FY26Q3,15,1,0.3,21.42857142857143,2.38459551298611,Conditional US allocation and constant margin; not company revenue disclosure
FY26Q4,17,0.5,0,8.5,1.030536618603247,Conditional US allocation and constant margin; not company revenue disclosure
FY26Q4,17,0.5,0.1,9.444444444444445,1.1450406873369412,Conditional US allocation and constant margin; not company revenue disclosure
FY26Q4,17,0.5,0.2,10.625,1.2881707732540588,Conditional US allocation and constant margin; not company revenue disclosure
FY26Q4,17,0.5,0.3,12.142857142857144,1.4721951694332103,Conditional US allocation and constant margin; not company revenue disclosure
FY26Q4,17,1,0,17.0,2.061073237206494,Conditional US allocation and constant margin; not company revenue disclosure
FY26Q4,17,1,0.1,18.88888888888889,2.2900813746738824,Conditional US allocation and constant margin; not company revenue disclosure
FY26Q4,17,1,0.2,21.25,2.5763415465081176,Conditional US allocation and constant margin; not company revenue disclosure
FY26Q4,17,1,0.3,24.28571428571429,2.9443903388664205,Conditional US allocation and constant margin; not company revenue disclosure
