period,step,insurance_musd,incremental_delta_musd,insurance_units_factor,insurance_RPU_factor
FY2027Q1,fleet_size,771.6259170475399,1.6453170475399475,1.002136829223411,1.0000000000000004
FY2027Q1,age_mix,771.7443071447584,0.11839009721848015,1.0041714316140231,0.9981269680808449
FY2027Q1,body_within_age,769.8401494593334,-1.904157685425048,1.000631078785139,0.9991870263699734
FY2027Q1,combined_claim_frequency,769.8401494593334,0.0,1.000631078785139,0.9991870263699734
FY2027Q1,repair_cost,769.8401494593334,0.0,1.000631078785139,0.9991870263699734
FY2027Q1,vehicle_value,769.8401494593334,0.0,1.000631078785139,0.9991870263699734
FY2027Q1,carrier_allocation,717.6669788375576,-52.17317062177574,0.9328168760060641,0.9991870263699734
FY2027Q1,title_adoption,717.6669788375576,0.0,0.9328168760060641,0.9991870263699734
FY2027Q1,delivery_adoption,717.6669788375576,0.0,0.9328168760060641,0.9991870263699734
FY2027Q2,fleet_size,739.1155232118182,1.5952232118181655,1.0021629549882463,1.0000000000000004
FY2027Q2,age_mix,738.9143514193199,-0.20117179249825767,1.0038533989396852,0.9980443242436347
FY2027Q2,body_within_age,737.1172113964664,-1.7971400228535686,1.0003058703768666,0.9991478444978114
FY2027Q2,combined_claim_frequency,737.1172113964664,0.0,1.0003058703768666,0.9991478444978114
FY2027Q2,repair_cost,737.1172113964664,0.0,1.0003058703768666,0.9991478444978114
FY2027Q2,vehicle_value,737.1172113964664,0.0,1.0003058703768666,0.9991478444978114
FY2027Q2,carrier_allocation,689.4669588467389,-47.6502525497275,0.9356420331831431,0.9991478444978112
FY2027Q2,title_adoption,689.4669588467389,0.0,0.9356420331831431,0.9991478444978112
FY2027Q2,delivery_adoption,689.4669588467389,0.0,0.9356420331831431,0.9991478444978112
FY2027Q3,fleet_size,807.6603160759239,1.742716075923795,1.002162399823411,0.9999999999999999
FY2027Q3,age_mix,807.0318485629507,-0.6284675129732022,1.00330047143377,0.9980884214085881
FY2027Q3,body_within_age,805.0892779908711,-1.9425705720796032,0.9997572660859174,0.9992147434299512
FY2027Q3,combined_claim_frequency,805.0892779908711,0.0,0.9997572660859174,0.9992147434299512
FY2027Q3,repair_cost,805.0892779908711,0.0,0.9997572660859174,0.9992147434299512
FY2027Q3,vehicle_value,805.0892779908711,0.0,0.9997572660859174,0.9992147434299512
FY2027Q3,carrier_allocation,777.2723866713956,-27.81689131947553,0.9652143402554181,0.9992147434299524
FY2027Q3,title_adoption,777.2723866713956,0.0,0.9652143402554181,0.9992147434299524
FY2027Q3,delivery_adoption,777.2723866713956,0.0,0.9652143402554181,0.9992147434299524
FY2027Q4,fleet_size,737.6249711068339,1.5851711068338545,1.0021536486299156,1.0000000000000004
FY2027Q4,age_mix,736.6615063002384,-0.9634648065954252,1.0026797701381251,0.9981697983525372
FY2027Q4,body_within_age,734.9024332201542,-1.7590730800842493,0.9991399542858606,0.9993142041608309
FY2027Q4,combined_claim_frequency,734.9024332201542,0.0,0.9991399542858606,0.9993142041608309
FY2027Q4,repair_cost,734.9024332201542,0.0,0.9991399542858606,0.9993142041608309
FY2027Q4,vehicle_value,734.9024332201542,0.0,0.9991399542858606,0.9993142041608309
FY2027Q4,carrier_allocation,730.3444049219908,-4.5580282981634355,0.9929430661281969,0.9993142041608303
FY2027Q4,title_adoption,730.3444049219908,0.0,0.9929430661281969,0.9993142041608303
FY2027Q4,delivery_adoption,730.3444049219908,0.0,0.9929430661281969,0.9993142041608303
