name,mode,repair,value,recovery,scope,H1_neutral_delta_musd,H1_carrier_increment_musd,H1_change_vs_baseline_musd,H1_change_vs_baseline_pct_of_service
baseline,structural,1.0,1.0,1.0,SUV_pickup,-0.5435391442001923,-99.82342317150301,0.0,0.0
structural_repair_0.9,structural,0.9,1.0,1.0,SUV_pickup,-6.12618018002685,-99.45359083378378,-5.582641035826658,-0.287188256770252
structural_repair_1.1,structural,1.1,1.0,1.0,SUV_pickup,4.206029205211736,-100.13807698183538,4.749568349411928,0.24433243081995784
structural_value_0.9,structural,1.0,0.9,1.0,SUV_pickup,3.046969566997685,-100.06131381837048,3.5905087111978773,0.18470683159993526
structural_value_1.1,structural,1.0,1.1,1.0,SUV_pickup,-4.0941681811642425,-99.5881955643897,-3.5506290369640503,-0.18265529827542473
structural_recovery_0.8,structural,1.0,1.0,0.8,SUV_pickup,-6.957616715748486,-99.3985337718898,-6.414077571548294,-0.3299599140873943
structural_recovery_1.2,structural,1.0,1.0,1.2,SUV_pickup,5.579459569965804,-100.22903621458019,6.1229987141659965,0.314985920757386
forecast_only_repair_0.9,forecast_only,0.9,1.0,1.0,SUV_pickup,-128.75478430228145,-91.33148419036151,-128.21124515808125,-6.595581510434779
forecast_only_repair_1.1,forecast_only,1.1,1.0,1.0,SUV_pickup,127.266619078876,-108.2887929156449,127.8101582230762,6.574948362622084
forecast_only_value_0.9,forecast_only,1.0,0.9,1.0,SUV_pickup,92.83093207430153,-106.00797780823034,93.37447121850172,4.803470515835299
forecast_only_value_1.1,forecast_only,1.0,1.1,1.0,SUV_pickup,-84.22997957747215,-94.28053944952333,-83.68644043327195,-4.305088360348082
forecast_only_recovery_0.8,forecast_only,1.0,1.0,0.8,SUV_pickup,-150.91953937993748,-89.86338918040627,-150.37600023573728,-7.735804808268409
forecast_only_recovery_1.2,forecast_only,1.0,1.0,1.2,SUV_pickup,165.6918393891687,-110.83382163766296,166.2353785333689,8.551660095672244
all_forecast_repair_0.95,forecast_only,0.95,1.0,1.0,all,-106.74115644115781,-92.7887362904975,-106.19761729695762,-5.463132662290453
all_forecast_repair_1.05,forecast_only,1.05,1.0,1.0,all,105.33233494292058,-106.8367961941251,105.87587408712078,5.446581200183589
all_forecast_value_0.95,forecast_only,1.0,0.95,1.0,all,72.16640524087413,-104.63980955649939,72.70994438507432,3.7404235815637423
all_forecast_value_1.05,forecast_only,1.0,1.05,1.0,all,-71.4662281111365,-95.12539537978586,-70.9226889669363,-3.6484816557540274
