case,period,fleet_thousands,claim_mass,total_loss_mass,TLF,ASP,allin_RPU,service_mass
fixed_split,FY2026Q1,292656.43644883553,0.9996543675169168,0.22870594264422137,0.2287850181781465,3041.0363212899433,906.6484987745074,207.3558995591919
fixed_split,FY2026Q2,292807.18033753027,0.9999518950644369,0.22881500275969174,0.22882601042017817,3041.0130136175108,906.5279886125188,207.4272042161113
fixed_split,FY2026Q3,292964.11479055625,1.0002659473467914,0.22887140782670876,0.22881055626635186,3041.2498767605834,906.3671742674301,207.4415311825026
fixed_split,FY2026Q4,293122.9540326078,1.0005850841629413,0.22891161134035556,0.22877775709784437,3041.566690018785,906.193990497844,207.43832655180833
fixed_split,FY2027Q1,293281.7932746591,1.0009042209790913,0.22895181485400234,0.22874497884526868,3041.883392013346,906.0208675497547,207.43512192111402
fixed_split,FY2027Q2,293440.50908883597,1.0012139428342883,0.22898408601591128,0.22870644946043325,3042.2374370888547,905.8530310625717,207.4259283826059
fixed_split,FY2027Q3,293597.620340645,1.0014012701971025,0.2289132366052283,0.2285929161645382,3043.0786151199136,905.7531233988177,207.3388790425181
fixed_split,FY2027Q4,293754.23788095685,1.0015509377161067,0.228810657787594,0.228456336239237,3044.070483265698,905.6740454089587,207.2278740711751
vintage_split,FY2026Q1,292656.4364488354,0.9996543675169167,0.2283944176128037,0.22847338543633053,3057.5553614045284,908.9411954585531,207.59709498104183
vintage_split,FY2026Q2,292807.1803375299,0.9999518950644369,0.22847635463646146,0.22848734600551804,3057.2817063433745,908.7844926793913,207.63576803753332
vintage_split,FY2026Q3,292964.1147905563,1.0002659473467914,0.22850750502396158,0.22844675021685829,3057.2651884695897,908.5967654024076,207.6211799349459
vintage_split,FY2026Q4,293122.9540326078,1.0005850841629413,0.2285230287541825,0.22838940173224534,3057.3277449317343,908.3994944190575,207.59020378341114
vintage_split,FY2027Q1,293281.79327465885,1.000904220979091,0.22853855248440336,0.22833208981858968,3057.3902928954476,908.2022502354006,207.55922763187633
vintage_split,FY2027Q2,293440.5090888358,1.0012139428342883,0.2285462387851592,0.22826913310673508,3057.4901351606036,908.0100669736509,207.5222855858884
vintage_split,FY2027Q3,293597.62034064526,1.0014012701971025,0.22845203850286977,0.22813236342101337,3058.075168207526,907.8832838228517,207.40778691200995
vintage_split,FY2027Q4,293754.23788095685,1.0015509377161067,0.2283264885027203,0.2279729167079471,3058.8102045602486,907.7765178254808,207.26942466031912
