case,age_bucket,reported_2024_TLF,model_2024_TLF,residual_2024_pp,reported_2025_TLF,reported_change_pp,modeled_change_pp,model_repairable_mean_growth_pct
CY2024_backcast_broad_CPI,current_year_or_newer,0.09699999999999999,0.0914404027147229,-0.5559597285277094,0.09600000000003016,-0.09999999999698306,0.45595972853072625,4.495226467635183
CY2024_backcast_broad_CPI,1-3,0.102,0.10204764174110333,0.0047641741103332524,0.10700000000000026,0.5000000000000269,0.49523582588969356,4.430555064100061
CY2024_backcast_broad_CPI,4-6,0.154,0.15044732602837682,-0.3552673971623177,0.15699999999999653,0.2999999999996533,0.655267397161971,4.186958034992094
CY2024_backcast_broad_CPI,7-9,0.228,0.2221354286010006,-0.5864571398999402,0.23399999999999843,0.5999999999998423,1.1864571398997825,4.010350512224536
CY2024_backcast_broad_CPI,10-12,0.315,0.3087786825229738,-0.62213174770262,0.3230000000000051,0.8000000000005114,1.4221317477031314,3.7366294472849004
CY2024_backcast_broad_CPI,13+,0.436,0.43693859530279416,0.09385953027941651,0.4530000000000126,1.7000000000012616,1.606140469721845,3.4337786558628736
CY2024_backcast_CCC_repairable_mean_proxy,current_year_or_newer,0.09699999999999999,0.1003592458648841,0.33592458648841056,0.09600000000003016,-0.09999999999698306,-0.4359245864853936,1.0611725790669269
CY2024_backcast_CCC_repairable_mean_proxy,1-3,0.102,0.10817161054592071,0.6171610545920719,0.10700000000000026,0.5000000000000269,-0.11716105459204512,2.285360058356134
CY2024_backcast_CCC_repairable_mean_proxy,4-6,0.154,0.15775165426769677,0.37516542676967746,0.15699999999999653,0.2999999999996533,-0.07516542677002414,2.5152137062987023
CY2024_backcast_CCC_repairable_mean_proxy,7-9,0.228,0.24007601911916757,1.2076019119167558,0.23399999999999843,0.5999999999998423,-0.6076019119169135,2.039438372673219
CY2024_backcast_CCC_repairable_mean_proxy,10-12,0.315,0.3302256825592338,1.5225682559233789,0.3230000000000051,0.8000000000005114,-0.7225682559228674,2.17286526887015
CY2024_backcast_CCC_repairable_mean_proxy,13+,0.436,0.4610704085397943,2.507040853979431,0.4530000000000126,1.7000000000012616,-0.8070408539781693,2.319698645395807
CY2024_backcast_7plus_CCC_joint_proxy,7-9,0.228,0.22857697869578567,0.05769786957856571,0.23399999999999843,0.5999999999998423,0.5423021304212766,0.07616859926644626
CY2024_backcast_7plus_CCC_joint_proxy,10-12,0.315,0.3165182678268358,0.1518267826835784,0.3230000000000051,0.8000000000005114,0.648173217316933,-0.04289349672418341
CY2024_backcast_7plus_CCC_joint_proxy,13+,0.436,0.4457090211862876,0.9709021186287581,0.4530000000000126,1.7000000000012616,0.7290978813725035,-0.17437553752578383
