scenario,period,insurance_unit_growth,insurance_selected_ASP_growth,insurance_core_RPU_growth,insurance_RPU_with_assumed_services_growth,title_musd,delivery_musd,us_service_musd,global_legacy_service_musd,legacy_total_musd,jpm_total_gap_musd,capiq_gap_CONDITIONAL_musd,delta_service_vs_reference_musd
reference,FY2027Q1,0.0006310787851373512,0.03694401539017922,0.016192349559904562,0.015212551053417567,21.19131914889538,25.429582978674464,867.7406796680652,1025.137994213409,1188.322994213409,8.322994213408947,5.222994213409038,0.0
reference,FY2027Q2,0.0003058703768661353,0.0370706970126502,0.016158154077850373,0.015180256147768523,20.29485239776136,24.353822877313636,830.8917571276615,983.9855320370956,1153.6085320370955,7.608532037095529,-13.321467962904535,0.0
reference,FY2027Q3,-0.00024273391408380363,0.03727473867540576,0.016229302639361176,0.015246895834545526,22.169404711386967,26.603285653664365,907.5531355133122,1093.0152557605038,1274.0012557605037,13.001255760503682,-12.5187442394963,0.0
reference,FY2027Q4,-0.0008600457141390017,0.03750282820914963,0.016332776415093342,0.01534389133936509,20.23907918935171,24.286895027222055,828.4729737262869,1003.6652572356784,1186.5602572356784,-9.439742764321636,-37.85974276432171,0.0
repair_only,FY2027Q1,-0.03881587466020875,0.03090709712773565,0.01281268842871408,0.01203739309926899,20.35591337584379,24.427096051012555,834.5553214699441,991.952636015288,1155.137636015288,-24.86236398471192,-27.96236398471183,-33.18535819812098
repair_only,FY2027Q2,-0.03913406097813876,0.031019580892650556,0.01276967677336538,0.01199685084137303,19.494669564558446,23.393603477470137,799.1065015575897,952.2002764670237,1121.8232764670238,-24.17672353297621,-45.106723532976275,-31.785255570071854
repair_only,FY2027Q3,-0.03964413288607005,0.031215887912657614,0.012837925195062327,0.012060808312618132,21.295687070479396,25.554824484575278,872.8487715868105,1058.3108918340022,1239.296891834002,-21.703108165997946,-47.22310816599793,-34.70436392650163
repair_only,FY2027Q4,-0.040213221652898645,0.03143821547997061,0.012940325251749929,0.01215683968926462,19.44192155316617,23.33030586379941,796.8115616267878,972.0038451361793,1154.8988451361793,-41.10115486382074,-69.52115486382081,-31.661412099499103
salvage_only,FY2027Q1,0.01365057824032645,0.06912505885795084,0.031129397495005318,0.029245758739517402,21.46704551195094,25.760454614341132,888.870740109406,1046.26805465475,1209.4530546547498,29.45305465474985,26.35305465474994,21.130060441340902
salvage_only,FY2027Q2,0.013324848091497365,0.06925635373609063,0.03111329438190813,0.02923030539520166,20.55898983703145,24.67078780443774,851.1395458897468,1004.2333207991809,1173.8563207991808,27.85632079918082,6.926320799180758,20.247788762085293
salvage_only,FY2027Q3,0.012764753257713535,0.06946480902755825,0.031189651398066065,0.029301651250790872,22.457842972524816,26.949411567029774,929.6674917908845,1115.1296120380762,1296.115612038076,35.11561203807605,9.59561203807607,22.11435627757237
salvage_only,FY2027Q4,0.012132577609683448,0.06969725888648148,0.031294364721455414,0.029399614591964385,20.50226427288309,24.60271712745971,848.6538867638668,1023.8461702732583,1206.7411702732584,10.741170273258376,-17.678829726741697,20.1809130375799
joint,FY2027Q1,-0.026203614867600256,0.06284038600970221,0.027847493855212457,0.0261624429743752,20.623015235980336,24.747618283176404,854.9744377942668,1012.3717523396107,1175.5567523396107,-4.443247660389261,-7.54324766038917,-12.766241873798322
joint,FY2027Q2,-0.026522282082807158,0.06295700317508501,0.02782037491864031,0.02613667473135628,19.7505454908464,23.70065458901568,818.6713545367297,971.7651294461638,1141.3881294461637,-4.611870553836297,-25.54187055383636,-12.220402590931826
joint,FY2027Q3,-0.027043142762340655,0.06315747224676027,0.027890863351277995,0.026202548421341953,21.57511134604464,25.89013361525357,894.2154776130052,1079.6775978601968,1260.6635978601967,-0.3364021398033401,-25.856402139803322,-13.337657900307022
joint,FY2027Q4,-0.02762619034640812,0.06338397829583697,0.02799129380520582,0.026296531568167136,19.696890761712126,23.636268914054554,816.3086051870678,991.5008886964592,1174.3958886964592,-21.604111303540776,-50.02411130354085,-12.16436853921914
repair_salvage_unit_neutral,FY2027Q1,0.0006310787347569846,0.12853747310822694,0.057388378540070395,0.053915809758421585,21.19131914782843,25.42958297739412,897.5602446131979,1054.9575591585417,1218.1425591585416,38.142559158541644,35.042559158541735,29.819564945132697
repair_salvage_unit_neutral,FY2027Q2,0.00031156521898112466,0.12866259384618628,0.05738046628991644,0.05390777758168297,20.29496793840105,24.353961526081264,859.4672532031418,1012.5610281125759,1182.1840281125758,36.18402811257579,15.254028112575725,28.57549607548026
repair_salvage_unit_neutral,FY2027Q3,-0.00023249453725493474,0.12887095807612647,0.05747180739111535,0.053992872040612205,22.169631767390072,26.60355812086809,938.780317690444,1124.2424379376357,1305.2284379376356,44.22843793763559,18.70843793763561,31.22718217713191
repair_salvage_unit_neutral,FY2027Q4,-0.0008456154850859932,0.12910518743500154,0.05759361441545918,0.05410654863403663,20.23937149529671,24.287245794356057,856.9904903069523,1032.1827738163438,1215.0777738163438,19.07777381634378,-9.342226183656294,28.517516580665415
