scenario,same_quarter_fraction,period,global_legacy_service_musd,delta_vs_reference_musd,delta_deferred_beyond_fy_units
joint_incremental_timing,1.0,FY2027Q1,1012.3717523396107,-12.766241873798322,0
joint_incremental_timing,1.0,FY2027Q2,971.7651294461638,-12.220402590931826,0
joint_incremental_timing,1.0,FY2027Q3,1079.6775978601968,-13.337657900307022,0
joint_incremental_timing,1.0,FY2027Q4,991.5008886964592,-12.16436853921914,-0.0
joint_incremental_timing,0.5,FY2027Q1,1022.9731358292266,-2.1648583841823665,0
joint_incremental_timing,0.5,FY2027Q2,971.317567479748,-12.667964557347545,0
joint_incremental_timing,0.5,FY2027Q3,1080.6097496519246,-12.405506108579175,0
joint_incremental_timing,0.5,FY2027Q4,990.5293533143956,-13.135903921282761,-10843.768552791676
joint_incremental_timing,0.0,FY2027Q1,1033.5745193188425,8.436525105433475,0
joint_incremental_timing,0.0,FY2027Q2,970.8700055133324,-13.115526523763151,0
joint_incremental_timing,0.0,FY2027Q3,1081.5419014436527,-11.4733543168511,0
joint_incremental_timing,0.0,FY2027Q4,989.5578179323319,-14.107439303346496,-21687.537105583353
