id,hypothesis,evidence_status,source_records,model_inputs,mechanism,population,audit_assumption,outputs,missing_evidence,countercase,double_count_guard
premium_persistence,Additional premium relief fails to restore insured loss exposure,Observed CPI level; behavioral effect assumed,docs/memo_theses_2026-10-01/premium_level_followup.json,"premium_assumptions.premium, reference_premium, income, vehicle_value, deductible; coverage/filing slopes",Premium-to-income/value log burden -> lagged bounded coverage/filing probabilities,"US insurance baseline-compatible claims, uniform affected fraction",No additional relief index100 versus assumed recovery95; current saved reference already100,"coverage_exposure, repairable_filing, modeled_insurance_sales, TLF","Matched coverage exposure, renewal premiums, income/value and filing outcomes; route recapture","Actual premium cuts, income growth or payment relief improve coverage",Do not reapply historical CPI increase or existing age/claims suppression
loan_payoff,Lien payoff may reduce collision/comprehensive retention,Mechanism supported; cohort/count/behavior unknown,docs/affordability_2026-10-01/README.md; docs/memo_theses_2026-10-01/loan_origination_followup.json,"premium_assumptions.excess_lien_free_fraction, coverage_payoff_slope",Surviving payoff -> excess cancellation -> loss-risk exposure -> net insurer/alternate routes,Must convert accounts to surviving covered vehicles and prospective total-loss weights,Zero in integrated case; prior payoff sensitivity remains separate,premium_diagnostics and insured units only if assumptions supplied,Vintage-by-term survivor schedule and coverage at payoff/renewal,Payoff releases cash; replacements may be newly financed; third-party recapture,Do not stack old loan-payoff unit haircut on premium adapter
tlf_composition,Rising reported TLF overstates salvage-volume recovery,CCC observations plus derived decomposition; response shape calibrated,model/ccc_age_body_2026-09-29/source_cells.csv; docs/memo_theses_2026-10-01/checks.json,"cohort_anchor_path, cohort claim weights, nonfiling or repairable_filing",Total-loss counts / reported claims; symmetric historical mix/within decomposition,CCC age/body sample with unresolved geography/coverage; 7+ broad bucket,2020-25 composition40.6% of increase; no added future TLF trend,"TLF, TLF_prefiling, totals, prefiling_claims, claims",Same-population detailed-age rates and all-disposition threshold distribution,Within-group TLF grew and can grow further,No independent TLF growth multiplier after damage selection
repair_salvage_tailwinds,Repair and expected recovery tailwinds may be smaller than extrapolated,Economic sign valid; magnitudes/continuation unvalidated,model/ccc_age_body_2026-09-29/README.md,"repair, value, expected_salvage, realized_salvage",Repair versus value less expected net salvage -> selection; realized price -> fees,Same selected age/body/carrier population,Expected recovery flat despite inherited realized+3.7%; catch-up countercase shown,"units, selected ASP, fee-band RPU","Forward repair/value costs, near-threshold density, insurer salvage expectations",Repair inflation or expected recovery rise boosts units,Do not infer expected-salvage update automatically from reported ASP mix
fleet_mix,Pandemic birth cohorts and aging alter claims and selected vehicle economics,Observed birth/production inputs; survival/exposure/old-age split proxies,docs/historical_body_births_2026-09-28/README.md; model/ccc_age_body_2026-09-29/README.md,fleet_period_weights; candidate_body_births; relative_claim_weight; cohort_anchor,Births x survival x claim propensity -> CCC-anchored cohort mass -> selection,Calendar/model-year transfer proxy; not direct insured-policy exposure,Existing roll versus frozen same-quarter mass; already in saved reference,"cohort claims, TLF, units, ASP and RPU",Matched insured fleet by age/body; fine 7+ age values; future births/survival,Older cars have higher total-loss propensity; fleet can grow,No blanket age coverage haircut in addition to bundled claim propensity
aftermarket,Cheaper replacement parts affect repair decisions and donor bidding,Adoption observations; displacement/exposure/transmission assumed,docs/aftermarket_parameter_audit_2026-09-29/README.md; docs/aftermarket_transition_evidence_2026-09-29/README.md,"oem_to_aftermarket, recycled_to_aftermarket, eligible_parts_bill_share, recycler_price_transmission_weight, threshold_responsive_fraction",Physical basket costs -> repair; donor/rebuilder/scarcity closure -> expected/realized salvage -> same selection and fees,Hypothetical fungible eligible basket across US insurance claims,"OEM1/2/3/4pp, recycled0.375/0.75/1.125/1.5pp cumulative quarterly shift","aftermarket_feedback, units, RPU and service contribution","Matched component OEM/AM/recycled substitutions, eligible bills and auction bid transmission","Rebuilder benefit, additional repairs and scarcity offset recycler weakness",No spending-share-to-quantity shortcut; no separate replay of historical adoption
tariffs,Tariffs may suppress price-driven aftermarket adoption,Tariff scope observed; pass-through/adoption response assumed,docs/tariff_counterfactual_2026-10-01/README.md,Delivered source_relative_prices; standalone duty/pass-through/elasticity sensitivity,Duty -> delivered relative price -> source quantity share -> aftermarket bridge,Qualifying HTS/country exposures; no national weighted tariff measured,No repeal or extra adoption assumed in integrated case,Separate tariff scenario only,"Import/component weights, pass-through, causal adoption response and policy date",Inventory/margin absorption or competing price declines offset tariff effect,Do not add tariff haircut to an already specified delivered-price/adoption ramp
market_allocation,Lost carrier business need not return when the premium cycle improves,Contract contestability observed; carrier mix/allocation paths proxies/assumptions,docs/carrier_test_2026-09-28/README.md; docs/FABLE_SHARE_BUILD_REVIEW_2026-09-27.md,"carrier_mode, allocation_overrides, carrier_claim_weights_by_period",Sum carrier/cohort total losses x routing x Copart allocation,Claim/total-loss weights needed; historical auto premium-share proxy remains,Inherited PGR5% endpoint; Q4 non-PGR allocations and carrier weights held,capture_including_routing and insurance sales,Dated allocation volumes by carrier/location and exposure/claim denominator,Recovered business or new wins offset losses; known losses may already be priced,No second aggregate share haircut or listed-inventory share as sale flow
carrier_fees,Retained/won business may carry different fees and vehicle economics,Architecture enabled; actual terms unknown,docs/FABLE_SHARE_BUILD_REVIEW_2026-09-27.md,"carrier_terms_by_period, carrier_terms, preferred_buyer_fraction",Carrier-specific fee/value/repair terms before selection and revenue aggregation,"Copart retained/won volume, not competitor concessions on lost volume",No new concessions in combined case; 25bp PGR sensitivity only,"seller_RPU, buyer_RPU, core_RPU and historical ledger","Contracts, fees, inclusions, age/body/geography, award dates","Better terms, mix or ancillary services offset price pressure",Do not translate IAA incentives directly into a global Copart fee cut
